-- MySQL dump 10.13  Distrib 5.7.17, for macos10.12 (x86_64)
--
-- Host: eu-cdbr-west-02.cleardb.net    Database: heroku_5c34cae1b33e8d4
-- ------------------------------------------------------
-- Server version	5.6.44-log

/*!40101 SET @OLD_CHARACTER_SET_CLIENT=@@CHARACTER_SET_CLIENT */;
/*!40101 SET @OLD_CHARACTER_SET_RESULTS=@@CHARACTER_SET_RESULTS */;
/*!40101 SET @OLD_COLLATION_CONNECTION=@@COLLATION_CONNECTION */;
/*!40101 SET NAMES utf8 */;
/*!40103 SET @OLD_TIME_ZONE=@@TIME_ZONE */;
/*!40103 SET TIME_ZONE='+00:00' */;
/*!40014 SET @OLD_UNIQUE_CHECKS=@@UNIQUE_CHECKS, UNIQUE_CHECKS=0 */;
/*!40014 SET @OLD_FOREIGN_KEY_CHECKS=@@FOREIGN_KEY_CHECKS, FOREIGN_KEY_CHECKS=0 */;
/*!40101 SET @OLD_SQL_MODE=@@SQL_MODE, SQL_MODE='NO_AUTO_VALUE_ON_ZERO' */;
/*!40111 SET @OLD_SQL_NOTES=@@SQL_NOTES, SQL_NOTES=0 */;

--
-- Table structure for table `tr_authenticated_user`
--

DROP TABLE IF EXISTS `tr_authenticated_user`;
/*!40101 SET @saved_cs_client     = @@character_set_client */;
/*!40101 SET character_set_client = utf8 */;
CREATE TABLE `tr_authenticated_user` (
  `id` int(10) NOT NULL AUTO_INCREMENT,
  `token` varchar(255) NOT NULL,
  `user_id` int(10) NOT NULL,
  `expired_date` timestamp NOT NULL DEFAULT CURRENT_TIMESTAMP ON UPDATE CURRENT_TIMESTAMP,
  PRIMARY KEY (`id`),
  KEY `fk_auth_user` (`user_id`),
  CONSTRAINT `fk_auth_user` FOREIGN KEY (`user_id`) REFERENCES `tr_user` (`id`)
) ENGINE=InnoDB AUTO_INCREMENT=352 DEFAULT CHARSET=utf8;
/*!40101 SET character_set_client = @saved_cs_client */;

--
-- Dumping data for table `tr_authenticated_user`
--

LOCK TABLES `tr_authenticated_user` WRITE;
/*!40000 ALTER TABLE `tr_authenticated_user` DISABLE KEYS */;
INSERT INTO `tr_authenticated_user` VALUES (1,'d183606f-8f93-4966-b7a2-8b33b8bf2f8c',1,'2016-11-15 01:08:52'),(2,'734874da-f2b3-48e7-a8f5-1e50c5449af9',1,'2016-11-16 21:25:51'),(3,'bb1ce594-c7c5-43a2-b933-8b6b6d7ef0da',1,'2016-11-20 04:52:13'),(4,'1be873e6-a9d4-4ddb-99c8-654d4ca20245',1,'2016-11-21 03:17:53'),(5,'d5bc76cb-5135-497e-978f-c2c21e07ee85',3,'2016-11-21 03:17:43'),(6,'05816c8c-a23d-4926-8999-28912b8b4257',1,'2016-11-26 07:36:33'),(7,'0a2cbce4-03db-4331-bdee-6d509739eb54',1,'2016-12-06 00:38:11'),(8,'bed10141-a024-4357-8098-4f55cdb0cbc0',1,'2017-02-18 06:43:15'),(9,'cab19a99-2546-44c1-899a-da9220aa04f2',1,'2017-02-22 06:50:45'),(10,'03c9c956-83f9-41af-8b9b-9dd8a3329564',2,'2017-02-22 06:30:18'),(11,'50a94adb-d991-48b1-a8f4-bc9c9f389e25',1,'2017-02-25 15:59:44'),(12,'3b83eb90-4ee3-43c5-840e-3910ed37c668',1,'2017-02-28 14:59:41'),(13,'0474f73c-e552-42f9-b74f-21c365df83ed',1,'2017-03-01 10:47:28'),(14,'067bd0c6-f62a-4574-8cae-4a3fc25f2949',1,'2017-03-02 14:14:02'),(15,'615f7859-9f80-4626-abeb-47f1ec6d0411',1,'2017-03-03 10:53:16'),(16,'663d464a-94e8-40c9-86d2-c6d82416e896',1,'2017-03-04 13:29:48'),(17,'53fa6026-4b2f-49eb-879b-129ccb61d6a5',1,'2017-03-05 10:27:00'),(18,'84d7a324-8ca7-4f53-ac60-b7bcf8841fc8',1,'2017-03-07 12:54:25'),(19,'cf6c5ccb-8766-469b-8c82-65f92de844a4',1,'2017-03-12 05:38:16'),(20,'31773699-d99d-45b7-872d-94faf6300a63',1,'2017-03-15 10:21:18'),(21,'5795a28a-30ad-4f9d-9602-39441d23e647',1,'2017-03-18 15:07:14'),(22,'50919d1a-c5ed-40c5-a2d5-7f583fe8ed9c',1,'2017-03-20 13:20:29'),(23,'c987edcc-7c35-49dd-aa26-343c4ecc869f',1,'2017-03-21 06:46:13'),(24,'5ef8d6bd-6c0d-410d-9325-fbfeb937d980',1,'2017-03-24 02:47:36'),(25,'2157e6c8-e3ff-4685-94db-2d1f6fc8672b',6,'2017-03-24 02:48:40'),(26,'c704ce7c-e658-4677-b4e4-edfec74574a9',1,'2017-03-29 11:19:57'),(27,'1b9b8b00-1d48-4a49-8c0c-b9d19a756c42',1,'2017-03-30 03:40:48'),(28,'e30220b0-63cf-4a3b-a2cc-36cddb412d9d',1,'2017-04-01 12:36:19'),(29,'b15095e6-e7d7-4b36-ac36-7159a261db1a',1,'2017-04-03 11:44:44'),(30,'897a9dbc-309c-4d4d-b174-926cc4b60ba8',1,'2017-04-05 06:44:01'),(31,'dbd47612-9778-469f-bc0f-ccdbbe988c2a',6,'2017-04-05 06:47:40'),(32,'acddd818-90b4-450f-b175-548f00b2285b',6,'2017-04-06 00:12:54'),(33,'4203736a-6886-483c-b574-d02699a465eb',6,'2017-04-07 03:38:26'),(34,'22bc3b24-ae90-47fd-9e98-9ccb3ce66487',1,'2017-04-07 03:37:40'),(35,'4ac1b28a-84ab-4c31-b90c-1b305565f88a',1,'2017-04-11 05:27:42'),(36,'8607b81a-2de1-4075-a595-2d39ab24c494',1,'2017-04-13 05:26:37'),(37,'0326e2f8-fb15-4837-9546-3d028d21b856',1,'2017-04-15 00:54:44'),(38,'257c027a-041a-4688-b138-edf2a966d07f',1,'2017-04-19 03:40:09'),(39,'2bc7b3fd-8bb6-46b1-8a93-767996df7775',7,'2017-04-19 04:51:45'),(40,'095d4849-e6e4-4338-b7a1-d15872a411e9',7,'2017-04-21 00:52:07'),(41,'b7a6ccd9-945f-45ae-9271-78c0540b4df3',1,'2017-04-21 01:22:56'),(42,'cfa5963c-8bef-4807-92e5-2fe2613044eb',7,'2017-04-22 02:05:59'),(43,'4fe73b2b-fedf-4128-af50-e41dd60a7c16',1,'2017-04-22 02:59:13'),(44,'4d7b9040-3182-496d-9460-4685bf1b290d',7,'2017-04-25 05:58:25'),(45,'38c4ece9-874b-47d6-a5a2-f85e3aba7828',1,'2017-04-25 06:23:29'),(46,'31f755ad-5a1a-496f-9f5b-0b7059120aa4',1,'2017-04-27 09:13:32'),(47,'fb027bf8-16ab-4c39-b3fa-f82e78407502',1,'2017-05-05 00:43:38'),(48,'5253a1a6-fd9c-41fa-be8e-7a70dba643b4',1,'2017-05-07 05:37:21'),(49,'23428735-ef5f-48ec-8ede-52aaf23ba30c',6,'2017-05-06 23:59:41'),(50,'4a371ce9-0a5f-4118-b413-ed13ced8aab9',1,'2017-05-08 05:56:04'),(51,'855fd357-65b6-439e-bb3a-24ff6817429e',7,'2017-05-09 00:45:33'),(52,'1d2eea6a-73de-4388-99ee-4829606f44d5',1,'2017-05-10 12:28:28'),(53,'9ac60eef-3548-4376-accc-b1999dcb9397',1,'2017-05-11 08:44:53'),(54,'d2f55b04-1503-45ec-bf92-3b8a17dde51f',1,'2017-05-12 13:40:45'),(55,'27530913-3504-49cc-87e3-6b74d64c7a97',1,'2017-05-13 12:57:51'),(56,'d5a08a85-cafb-48b1-8d77-705927e3878d',1,'2017-05-16 14:08:13'),(57,'64559427-2988-47cd-ad3a-96cdaabad747',1,'2017-05-27 07:48:13'),(58,'700d7e52-296e-49b1-8c19-a540962425a5',6,'2017-05-27 08:50:29'),(59,'356f8f45-18c9-47eb-a5d2-899a3574e7c9',7,'2017-05-28 10:49:09'),(60,'af350196-e2d6-424d-adc6-6ad2517e3981',6,'2017-05-29 02:21:40'),(61,'f95cf803-a055-4339-b2fc-ccbc6a8f20dc',1,'2017-05-29 02:39:40'),(62,'2a390f21-53db-4693-850b-22ad1dada611',6,'2017-05-31 10:08:43'),(63,'bef9928f-05d4-4e7e-b14a-3b5c5cb35515',7,'2017-05-31 13:15:31'),(64,'48ec206f-b6df-416d-b1c0-bd434d49a05c',7,'2017-06-01 01:54:02'),(65,'052964e1-32ce-49b9-9cc1-59d6c9040cb8',7,'2017-06-04 10:08:59'),(66,'f51c3fea-427f-4491-884d-0cf4a2ac902e',6,'2017-06-04 12:25:50'),(67,'9584b85e-6926-4469-aa4e-e9f292be9b7a',6,'2017-06-06 07:59:03'),(68,'1f48f059-e755-4f39-a7f6-b395946b61b0',7,'2017-06-05 10:59:49'),(69,'ba997b5c-f519-45d3-b074-3c031aa539ba',6,'2017-06-07 14:52:47'),(70,'c6dd96c6-ac89-4421-8346-5799eb42ad29',6,'2017-06-08 08:09:13'),(71,'571e09a4-f0f4-405d-99dc-c11db0bd5c42',6,'2017-06-09 07:34:01'),(72,'2f6bb891-4f94-457a-a734-40b6a581eeff',6,'2017-06-10 02:42:58'),(73,'005c67a4-7ac5-42da-ad9a-32a896c142fc',6,'2017-06-12 14:06:09'),(74,'72ce497f-2fe5-4897-9b84-cf43de6c492d',7,'2017-06-14 10:18:10'),(75,'1745ed4e-8dc5-438d-bccd-9656025a913b',6,'2017-06-16 06:10:11'),(76,'da6e6af2-1402-4484-8eea-fd43b0ee08d4',7,'2017-06-17 23:31:38'),(77,'558e3374-9391-461b-a99a-dc425528092a',7,'2017-06-19 08:07:45'),(78,'02ea1dba-f798-4e43-980a-bdb569045403',6,'2017-06-20 06:00:35'),(79,'a2406b00-3932-4527-a8ab-361482799133',6,'2017-07-05 01:19:08'),(80,'20db0836-2daa-4749-b182-4e2b924984e7',6,'2017-07-07 00:30:59'),(81,'aa754765-efac-497e-bccd-5c93a33c644f',7,'2017-07-07 01:02:24'),(82,'c051c9d7-3c52-4008-8d8a-3839b715f902',7,'2017-07-08 01:26:14'),(83,'f22b7de4-153c-4cbf-82ad-6218b881ddd3',6,'2017-07-15 04:04:43'),(84,'95d676dd-da4b-461e-8e60-9a3e6ee152c4',6,'2017-07-16 20:36:26'),(85,'3ef7df22-26ea-4ca5-bd1a-5056c9ad01d3',1,'2017-07-18 06:05:11'),(86,'afd966df-f62c-4640-a8b2-e922c375d0e5',6,'2017-07-19 01:45:31'),(87,'8b0dfdb9-3cf8-4e8b-91c6-62cafd16628a',1,'2017-07-18 21:31:24'),(88,'f7e9a8d1-e340-41f9-b200-e834c2dee318',2,'2017-07-18 23:06:25'),(89,'1f60c60b-a7b8-4074-8f8e-2b33fa84a530',2,'2017-07-25 21:06:29'),(90,'c0ae981e-eff4-4534-abbe-7e6bf5e5ecd8',2,'2017-07-27 19:58:56'),(91,'e1208fc8-ae42-471a-8a21-ec8aa4b83bf8',2,'2017-07-29 17:39:26'),(92,'560ba01c-bdcd-406f-b453-833f506928e1',2,'2017-07-31 19:57:01'),(93,'6ece682a-22d1-4f70-90d5-bb8d42a0ae2d',2,'2017-08-01 21:37:06'),(94,'e04928d3-9ce5-4aa8-b382-12437f9ef54b',2,'2017-08-11 23:43:03'),(95,'16db1a27-33bc-4d6a-b204-3163dec30335',2,'2017-08-15 19:39:15'),(96,'8a828816-662a-4eee-ac90-682ec38d467a',2,'2017-08-18 16:51:44'),(97,'c053aa11-d336-420d-afc0-1fb68052c718',1,'2017-08-28 22:25:57'),(98,'76e8a672-f0d6-42ef-845e-ebdd6b307278',2,'2017-08-29 15:06:54'),(99,'9ad13b69-a735-4f5e-9e9e-ed8f64af50c8',6,'2017-08-30 02:50:35'),(100,'ef20aa93-0ec4-47b2-ac55-5ee1d24b7873',6,'2017-08-30 19:41:30'),(101,'5c74547e-0161-4436-b9ac-d86a13f0668a',6,'2017-08-31 22:27:27'),(102,'1168e87a-9762-42cf-9f3c-aae458618062',6,'2017-09-02 18:07:39'),(103,'920f070a-0598-45c0-99f7-026f43a019d0',6,'2017-09-05 03:41:59'),(104,'95b59d29-ad7b-4786-a457-cf9e1bf936a7',6,'2017-09-05 22:02:10'),(105,'571f1c35-0b97-42c7-b19f-726a12bee4e7',6,'2017-09-08 04:28:20'),(106,'c107aec3-b153-40c4-9c03-ab5253078ef3',6,'2017-09-08 22:21:21'),(107,'c098cff6-0108-41f6-9502-fb6d1a964d2a',6,'2017-09-10 08:07:58'),(108,'f5e784df-c77a-4189-96f0-4c377ed3ffe0',6,'2017-09-10 20:33:20'),(109,'8304fa59-c413-40f5-bd9f-b870e298f54f',6,'2017-09-13 04:54:59'),(110,'78540241-cc22-41f8-83b9-7eea27ce03aa',6,'2017-09-14 04:09:04'),(111,'68cf01ef-9aa1-45c8-b17b-a0cf8b9999a3',6,'2017-09-15 06:22:57'),(112,'179ddddb-767f-419c-86f2-7cf622546177',6,'2017-09-16 01:32:31'),(113,'51d85a43-aebf-4176-9462-e265a4a860f4',6,'2017-09-17 02:16:11'),(114,'8a21cfff-57b7-431f-a586-dfd10aa5bb92',6,'2017-09-19 00:13:34'),(115,'10c5446f-b98d-4d58-a169-8e09a504fb0a',6,'2017-09-20 04:53:54'),(116,'ded0604b-5d6b-443c-9bf6-9deb1da2039b',6,'2017-09-21 04:26:44'),(117,'5246a257-bc7f-4ce8-87d1-ce743ca9b549',6,'2017-09-22 01:59:38'),(118,'59d22c07-00c4-4b52-a190-3389fbd0652e',6,'2017-09-23 05:41:51'),(119,'be9054da-5be3-46aa-b4d9-43a4c03de578',6,'2017-09-25 17:55:10'),(120,'aadf527c-bbc8-4ce0-98f9-28bd4d0a9f93',6,'2017-09-29 05:24:55'),(121,'23db3def-199e-4155-955a-97442989e275',6,'2017-09-30 05:27:41'),(122,'55de4584-e7f9-49cb-9d40-fd6cf4baf6eb',6,'2017-10-01 01:10:34'),(123,'e4226943-eccb-449e-a359-cfed26fa7ebe',6,'2017-10-02 21:01:54'),(124,'c903b626-28c5-4f18-bd2b-c7eedf380fba',6,'2017-10-04 06:28:56'),(125,'682c6e8a-baf8-4562-af1d-ed08062c6cf4',6,'2017-10-05 19:58:51'),(126,'4ca0b888-f515-494e-add8-446db1567ae0',6,'2017-10-07 02:40:52'),(127,'1b47d0c9-0b81-4565-8a45-8b94621060f3',6,'2017-10-08 16:15:00'),(128,'0cc2a5bc-3eec-4bb8-9e6d-2b73a9f687ed',6,'2017-10-11 19:13:37'),(129,'7f94c2d8-93ec-4980-9b9d-b5de6c31df4e',6,'2017-11-20 23:36:54'),(130,'e390b36e-25a4-4993-b3a6-14c84d18236f',6,'2017-11-22 20:09:17'),(131,'b2f2a33a-ad79-4527-bae9-7397264b4751',6,'2017-11-24 01:59:28'),(132,'f393a432-17a6-48fd-9ca8-3d8d3c53ae10',6,'2017-11-25 00:00:11'),(133,'097fd978-1c71-46f0-8e1c-114047c78c39',6,'2017-11-28 05:02:52'),(134,'efb71446-3095-41b9-bdad-936168b15b7d',6,'2017-11-29 22:34:20'),(135,'cd169ed1-de70-42c7-832d-5345e8a720b5',6,'2018-02-04 00:49:41'),(136,'c1d2991d-87b6-4783-8ca5-4201f57dbbaa',1,'2018-02-04 00:51:39'),(137,'01b5dfd2-3984-4f81-b8f4-937d467c9b9f',6,'2018-02-07 05:53:57'),(138,'79fa5eee-5168-4447-8040-0e0a872484ef',1,'2018-02-07 05:45:02'),(139,'2b887d61-e5d6-46f2-87bf-a5f16d9703d9',1,'2018-02-07 18:46:20'),(140,'856ac9da-7bb4-49eb-b70e-c7eebfcfbee1',1,'2018-02-09 02:16:05'),(141,'4afea5ce-6877-4bac-a75b-8a9ad50daf12',6,'2018-02-09 08:45:03'),(142,'6845bee5-7a22-4d6d-8969-89e03850e230',1,'2018-02-09 22:22:17'),(143,'70804ba4-52fb-4506-8c18-600eb97508a5',6,'2018-02-10 00:10:18'),(144,'9a220090-1f58-41a3-a7bb-4b16b2c9a815',6,'2018-02-20 00:20:02'),(145,'48d54ada-3862-4e15-9f3b-32b6839e7651',1,'2018-02-20 00:22:47'),(146,'47d0081f-e102-4dc9-ac5a-c1336c76e332',1,'2018-02-22 08:09:52'),(147,'c268f6b8-1af1-4042-9543-8ccfbb072370',1,'2018-02-22 22:19:12'),(148,'3718068a-2045-4853-b5b0-815884c1b1f4',1,'2018-03-01 09:05:17'),(149,'0f2b130f-78ba-410c-a0a2-9382df5e5b98',1,'2018-03-02 01:09:06'),(150,'c6070d3b-1282-4e0b-a7f9-e1a85a32a048',1,'2018-03-02 22:58:44'),(151,'5e5e6f17-bf6c-4de1-a4d1-dd44fc49342e',6,'2018-03-02 23:11:52'),(152,'be1a28c5-3888-4a73-8cda-95b5b5d89545',1,'2018-03-16 08:18:55'),(153,'d5d7df9f-066f-41f1-a956-eb712e69076a',1,'2018-03-17 00:46:50'),(154,'0b9a77b4-6b45-4adb-97be-cd6a0b2148f7',1,'2018-03-18 09:30:40'),(155,'a408ff57-8815-49c0-b03e-b6a8f5b12082',1,'2018-03-19 06:49:39'),(156,'c3878b0f-fda7-435d-b369-c7f123c73822',1,'2018-03-20 07:59:49'),(157,'e525f4ca-efa8-49fa-a252-561458d4b56a',6,'2018-03-20 08:05:31'),(158,'f5a172bf-02b3-4686-823c-85af0dc399b8',6,'2018-03-21 07:30:59'),(159,'abc1d90d-81a5-451f-9291-57bca7245d9d',1,'2018-03-21 08:03:32'),(160,'d43cafd7-dab2-4662-9971-a5f678c67ea2',1,'2018-03-21 21:02:07'),(161,'b11c6001-2997-4313-a25f-ddcad1eddd42',6,'2018-03-21 21:02:39'),(162,'0061203d-1fbf-4ef5-9329-9ef24a27afb4',1,'2018-03-27 23:11:49'),(163,'8ee93d58-c9b4-4da5-8b1a-14e3f24876dd',6,'2018-03-27 19:21:41'),(164,'0e39d08b-da91-462e-87a6-1ba188568c5e',1,'2018-04-01 06:41:50'),(165,'88fb37ef-079e-4b1f-933a-cc2d38aa7479',334,'2018-04-01 06:43:50'),(166,'da95c566-073c-4535-9302-5c35e314fe12',6,'2018-04-01 06:42:36'),(167,'0d9a848a-0128-49c4-bdad-0cdbcdbb8e07',334,'2018-04-03 01:22:36'),(168,'46aa8cbe-9e77-426d-9b87-0c12387d1d71',1,'2018-04-03 01:23:21'),(170,'1348d5b0-06cd-4876-9b38-abd2f0768ec9',1,'2018-04-05 05:56:47'),(171,'9cf4aae0-8f63-4df3-a107-38b2a68a7256',6,'2018-04-05 05:56:31'),(172,'bcbfa2d6-e5e6-4616-9e99-cdcb39028dc3',6,'2018-04-05 21:25:17'),(173,'637633c7-17c7-4827-a980-f5da724d7f04',1,'2018-04-06 05:28:07'),(174,'a08d8a3c-8b6b-455c-8fb2-210218e65eda',332,'2018-04-05 21:25:53'),(175,'d9f62db6-f0f5-479c-87f4-06a6bf7cf41b',1,'2018-04-07 06:05:18'),(176,'854ba714-214b-48cc-81c5-93632bf6c98e',6,'2018-04-07 04:12:05'),(178,'4c915415-26fa-4d6f-b198-3949547f8a94',6,'2018-04-07 21:58:04'),(179,'d7146a35-c95e-462c-acf1-262ea3ba9287',6,'2018-04-10 04:22:46'),(181,'bca977e9-27a7-4db9-8d38-703cba51d9b0',6,'2018-04-25 05:45:08'),(183,'4163a2ca-d9ef-4918-8ce7-0c6ee521091d',334,'2018-04-25 06:36:41'),(184,'51031059-de59-4c36-8558-749b82b3bd70',1,'2018-04-25 20:55:05'),(185,'22658f48-f8eb-46ab-90c5-1c5fd62cae7f',6,'2018-04-25 20:58:21'),(186,'dde27938-caa7-4cce-b326-b16fe3547eaf',334,'2018-04-25 20:58:38'),(187,'9e1defd9-cbf3-4970-8255-6ef19bac0277',6,'2018-04-30 06:16:50'),(188,'04bf7f35-aad0-4d03-9cf6-f0ac4e3dc7eb',1,'2018-04-30 06:17:02'),(189,'b53baca1-8a8e-44e3-98a8-afc1797f1755',6,'2018-05-09 21:44:35'),(190,'d3cc3069-055c-4e66-8e8a-8b2d9c4574e9',1,'2018-05-18 06:23:09'),(191,'93c46605-3764-4e8a-9d00-17859893f997',6,'2018-05-18 05:09:58'),(192,'edc47875-1594-42ca-bddb-42e3e24ca11d',1,'2018-05-18 18:50:53'),(193,'c3b39a91-b816-4eb1-a24d-62ca20b6dffb',1,'2018-05-21 00:27:05'),(194,'4d47ab60-eb73-442a-9ca5-063372f46dbc',6,'2018-05-20 23:29:02'),(195,'1902c54a-71dd-4bfe-b21d-a0f023186540',1,'2018-05-22 03:41:44'),(196,'b088ab0c-07d9-42c9-9ca3-2efbce9e0def',1,'2018-05-23 06:59:14'),(202,'dd1fde89-aece-4896-b66f-3e86b95e8381',1,'2018-05-26 01:23:32'),(203,'b4d1b6fa-76f6-4cb1-8b5d-e3c91d660b6a',355,'2018-05-26 01:22:45'),(204,'c35f707f-b6d5-4ee3-b532-1efb56b755fa',1,'2018-06-03 22:06:01'),(205,'eb60175c-d512-49b1-a723-53324f4aee99',1,'2018-06-04 17:08:19'),(206,'c77c0105-adb8-43a1-ab9d-2e96dbc22fbc',1,'2018-06-22 20:25:10'),(207,'038cff7e-aed0-4ae4-9668-5448e2cbd4f9',1,'2018-07-15 04:14:52'),(208,'94491b7f-495e-49da-90c1-af5ceb68a34c',1,'2018-07-29 17:17:35'),(209,'bcdaef5d-9e9b-40f0-9514-95bc25501685',1,'2018-08-01 03:21:34'),(210,'0346c7ba-f934-441b-8e20-13ca417293d2',1,'2018-08-02 00:54:21'),(211,'062767cc-d836-41fa-ae77-5ac1edef0bf8',1,'2018-08-03 03:42:12'),(212,'6dda6b24-5f74-449e-bada-c201bc1ccfe9',1,'2018-08-05 05:18:31'),(213,'d2a5fb78-d415-4303-81db-04e982f1c875',1,'2018-08-05 21:17:48'),(214,'8fa3133d-9253-467c-90f9-53d09ecb667c',1,'2018-08-06 23:52:29'),(215,'0cc0ac8e-8cbc-410b-b32e-a0aded4da2e4',1,'2018-08-08 17:19:12'),(216,'453aafb7-0988-4808-a3ff-0999c01e5265',1,'2018-08-10 21:34:19'),(217,'d78c339a-139d-434c-9c18-6fe802929502',1,'2018-09-07 05:05:04'),(218,'615cecf9-fb6d-4990-b5a7-1cf48f7d1191',1,'2018-09-08 18:23:04'),(219,'6c7ef070-05a0-4124-a880-fad64a28f99e',1,'2018-09-11 04:34:23'),(220,'bfdcc3b5-3283-44e9-9dd1-534dd4f8f391',1,'2018-09-20 00:31:02'),(221,'d91cc2e2-8e9d-416d-b602-5e51e9dbfe0d',1,'2018-09-29 21:57:07'),(222,'1f7c440a-1b3f-412a-bb4c-701bd2940f4a',1,'2018-10-06 15:36:38'),(223,'d509f2c4-792a-494a-b2d1-3949a4db9475',1,'2018-10-27 05:43:52'),(224,'1c253394-5186-42b5-bd00-cfde05d5baa2',1,'2018-10-28 03:18:36'),(225,'50067e47-bb24-4006-8969-856247442e03',1,'2018-10-29 19:13:16'),(226,'994414a6-a656-4467-ae48-88c25f6c61f7',1,'2018-10-30 18:15:09'),(231,'39aa06ad-973a-423c-8acd-f69869cd935f',1,'2018-11-14 08:38:06'),(241,'2ada8c41-6997-431a-b341-70ca6ce693ba',1,'2019-01-02 07:57:07'),(251,'030e877b-53a8-4149-bb20-03a81b6235ca',1,'2019-01-17 01:53:38'),(261,'4c78ba6b-47c3-466c-bdcd-72f60f1cb2b5',1,'2019-01-24 23:58:57'),(271,'b0b2e60e-260a-4ad5-b1a0-749a345aa253',1,'2019-02-20 04:33:46'),(281,'d5469289-48f3-4418-8ede-9c20240f8b59',1,'2019-03-07 02:39:15'),(291,'f116daf6-2272-4d41-aed7-1e64eca4cf68',1,'2019-04-23 03:38:04'),(301,'3a803dad-7683-49d2-8374-cdff1ae63dd0',1,'2019-05-05 15:51:46'),(311,'210d526a-11cb-46f1-aa49-01adaa7d60cb',6,'2019-05-08 01:07:32'),(321,'00453b38-33fd-4551-9fae-b10a9ef0a168',6,'2019-05-11 07:51:29'),(331,'c671bb4b-4d69-49c2-ac29-b9643c4253f6',6,'2019-05-12 03:23:24'),(341,'c76f8790-cc51-446d-8c07-9091ec7c640c',6,'2019-05-27 06:31:57'),(351,'2fe611fe-9a1a-4850-9017-a48f09d9982a',6,'2019-05-27 21:03:26');
/*!40000 ALTER TABLE `tr_authenticated_user` ENABLE KEYS */;
UNLOCK TABLES;

--
-- Table structure for table `tr_company`
--

DROP TABLE IF EXISTS `tr_company`;
/*!40101 SET @saved_cs_client     = @@character_set_client */;
/*!40101 SET character_set_client = utf8 */;
CREATE TABLE `tr_company` (
  `id` int(11) NOT NULL AUTO_INCREMENT,
  `name` varchar(255) NOT NULL,
  `version` int(11) NOT NULL,
  `active` char(1) CHARACTER SET latin1 NOT NULL DEFAULT 'Y',
  `last_updated` timestamp NOT NULL DEFAULT CURRENT_TIMESTAMP ON UPDATE CURRENT_TIMESTAMP,
  PRIMARY KEY (`id`)
) ENGINE=InnoDB AUTO_INCREMENT=23 DEFAULT CHARSET=utf8;
/*!40101 SET character_set_client = @saved_cs_client */;

--
-- Dumping data for table `tr_company`
--

LOCK TABLES `tr_company` WRITE;
/*!40000 ALTER TABLE `tr_company` DISABLE KEYS */;
INSERT INTO `tr_company` VALUES (3,'So-Tracking',9,'Y','2018-04-24 16:27:13'),(15,'Company Test',27,'Y','2018-05-20 11:29:40'),(16,'Company Test2',14,'Y','2018-04-05 08:25:39'),(17,'Company Test4',27,'Y','2018-05-22 17:24:55'),(22,'Company5',8,'Y','2018-05-22 18:57:50');
/*!40000 ALTER TABLE `tr_company` ENABLE KEYS */;
UNLOCK TABLES;

--
-- Table structure for table `tr_container_location`
--

DROP TABLE IF EXISTS `tr_container_location`;
/*!40101 SET @saved_cs_client     = @@character_set_client */;
/*!40101 SET character_set_client = utf8 */;
CREATE TABLE `tr_container_location` (
  `id` int(11) NOT NULL AUTO_INCREMENT,
  `detail` int(11) NOT NULL,
  `map_latitude` double NOT NULL,
  `map_longitude` double NOT NULL,
  `location_date` timestamp NOT NULL DEFAULT CURRENT_TIMESTAMP ON UPDATE CURRENT_TIMESTAMP,
  `version` int(11) NOT NULL,
  `last_update` timestamp NOT NULL DEFAULT '0000-00-00 00:00:00',
  PRIMARY KEY (`id`),
  KEY `container_location_fk_idx` (`detail`),
  CONSTRAINT `container_location_fk` FOREIGN KEY (`detail`) REFERENCES `tr_order_details` (`id`) ON DELETE NO ACTION ON UPDATE NO ACTION
) ENGINE=InnoDB AUTO_INCREMENT=31 DEFAULT CHARSET=utf8;
/*!40101 SET character_set_client = @saved_cs_client */;

--
-- Dumping data for table `tr_container_location`
--

LOCK TABLES `tr_container_location` WRITE;
/*!40000 ALTER TABLE `tr_container_location` DISABLE KEYS */;
INSERT INTO `tr_container_location` VALUES (2,23,40.70979201243496,-73.67362976074219,'2017-05-09 19:32:08',1,'2017-01-09 17:00:00'),(3,23,40.684803661591275,-73.91944885253906,'2017-05-09 19:31:52',1,'2017-01-09 17:00:00'),(4,22,41.357226341046065,-74.67750549316406,'2017-05-09 19:32:38',1,'2017-01-09 17:00:00'),(5,22,40.54824374987604,-74.29435729980469,'2017-05-09 19:32:22',1,'2017-01-09 17:00:00'),(6,19,40.741895,-73.989308,'2017-05-09 19:28:36',1,'2017-01-09 17:00:00'),(7,19,40.741895,-73.989308,'2017-05-09 19:28:36',1,'2017-01-09 17:00:00'),(8,18,40.741895,-73.989308,'2017-05-09 19:28:36',1,'2017-01-09 17:00:00'),(9,18,40.741895,-73.989308,'2017-05-09 19:28:36',1,'2017-01-09 17:00:00'),(10,17,40.741895,-73.989308,'2017-05-09 19:28:36',1,'2017-01-09 17:00:00'),(11,17,40.741895,-73.989308,'2017-05-09 19:28:36',1,'2017-01-09 17:00:00'),(12,16,40.741895,-73.989308,'2017-05-09 19:28:36',1,'2017-01-09 17:00:00'),(13,16,40.741895,-73.989308,'2017-05-09 19:28:36',1,'2017-01-09 17:00:00'),(14,15,40.741895,-73.989308,'2017-05-09 19:28:36',1,'2017-01-09 17:00:00'),(15,15,40.741895,-73.989308,'2017-05-09 19:28:36',1,'2017-01-09 17:00:00'),(16,14,40.741895,-73.989308,'2017-05-09 19:28:36',1,'2017-01-09 17:00:00'),(17,14,40.741895,-73.989308,'2017-05-09 19:28:36',1,'2017-01-09 17:00:00'),(18,13,40.741895,-73.989308,'2017-05-09 19:28:36',1,'2017-01-09 17:00:00'),(19,13,40.741895,-73.989308,'2017-05-09 19:28:36',1,'2017-01-09 17:00:00'),(20,12,40.741895,-73.989308,'2017-05-09 19:28:36',1,'2017-01-09 17:00:00'),(21,12,40.741895,-73.989308,'2017-05-09 19:28:36',1,'2017-01-09 17:00:00'),(22,8,40.741895,-73.989308,'2017-05-09 19:28:36',1,'2017-01-09 17:00:00'),(23,8,40.741895,-73.989308,'2017-05-09 19:28:36',1,'2017-01-09 17:00:00'),(24,6,40.741895,-73.989308,'2017-05-09 19:28:36',1,'2017-01-09 17:00:00'),(25,6,40.741895,-73.989308,'2017-05-09 19:28:36',1,'2017-01-09 17:00:00'),(26,19,40.49813666850851,-74.26414489746094,'2017-05-09 19:33:19',1,'2017-01-09 17:00:00'),(27,19,40.75557964275589,-74.98649597167969,'2017-05-09 19:33:08',1,'2017-01-09 17:00:00'),(28,25,41.341762527112614,-74.82444763183594,'2017-05-09 19:31:30',1,'2017-01-09 06:00:00'),(29,26,41.155910350545035,-74.23805236816406,'2017-05-09 19:31:10',1,'2017-01-09 06:00:00'),(30,24,41.3417625271126,-74.26414489746094,'2017-05-09 05:00:00',1,'2017-01-09 06:00:00');
/*!40000 ALTER TABLE `tr_container_location` ENABLE KEYS */;
UNLOCK TABLES;

--
-- Table structure for table `tr_container_type`
--

DROP TABLE IF EXISTS `tr_container_type`;
/*!40101 SET @saved_cs_client     = @@character_set_client */;
/*!40101 SET character_set_client = utf8 */;
CREATE TABLE `tr_container_type` (
  `id` int(11) NOT NULL AUTO_INCREMENT,
  `container_group` varchar(45) NOT NULL,
  `length` double DEFAULT NULL,
  `width` double DEFAULT NULL,
  `height` double DEFAULT NULL,
  `name` varchar(10) DEFAULT NULL,
  `workload` double DEFAULT NULL,
  `specific_tonnage` double DEFAULT NULL,
  `max_workload` double DEFAULT NULL,
  PRIMARY KEY (`id`)
) ENGINE=InnoDB AUTO_INCREMENT=314 DEFAULT CHARSET=utf8;
/*!40101 SET character_set_client = @saved_cs_client */;

--
-- Dumping data for table `tr_container_type`
--

LOCK TABLES `tr_container_type` WRITE;
/*!40000 ALTER TABLE `tr_container_type` DISABLE KEYS */;
INSERT INTO `tr_container_type` VALUES (1,'DV',5758,2352,2385,'20',26000,1.273,28500),(2,'DV',12032,2352,2385,'40',27000,2.5,28500),(313,'HC',12000,2311,2650,'40',27000,2.789,28500);
/*!40000 ALTER TABLE `tr_container_type` ENABLE KEYS */;
UNLOCK TABLES;

--
-- Table structure for table `tr_driver`
--

DROP TABLE IF EXISTS `tr_driver`;
/*!40101 SET @saved_cs_client     = @@character_set_client */;
/*!40101 SET character_set_client = utf8 */;
CREATE TABLE `tr_driver` (
  `id` int(11) NOT NULL AUTO_INCREMENT,
  `first_name` varchar(45) NOT NULL,
  `last_name` varchar(45) NOT NULL,
  `trailer_number` varchar(45) DEFAULT NULL,
  `tractor_number` varchar(45) DEFAULT NULL,
  `mobile` varchar(45) NOT NULL,
  `length` int(11) NOT NULL,
  `tractorNumber` varchar(255) DEFAULT NULL,
  `tenant` int(11) NOT NULL,
  `version` int(11) NOT NULL,
  `last_updated` timestamp NOT NULL DEFAULT CURRENT_TIMESTAMP ON UPDATE CURRENT_TIMESTAMP,
  PRIMARY KEY (`id`),
  KEY `tr_driver_tenant_fk` (`tenant`),
  CONSTRAINT `tr_driver_tenant_fk` FOREIGN KEY (`tenant`) REFERENCES `tr_company` (`id`)
) ENGINE=InnoDB AUTO_INCREMENT=310 DEFAULT CHARSET=utf8;
/*!40101 SET character_set_client = @saved_cs_client */;

--
-- Dumping data for table `tr_driver`
--

LOCK TABLES `tr_driver` WRITE;
/*!40000 ALTER TABLE `tr_driver` DISABLE KEYS */;
INSERT INTO `tr_driver` VALUES (1,'Валера','Дыня','ВН3999??','??67766','09688800022',0,NULL,3,0,'2018-03-26 14:59:44'),(3,'Бублик','Дырявый','ВВ8898РР','??67766','09688800022',0,NULL,3,0,'2018-03-26 14:59:44'),(4,'Шкандылябрик','Корявый','АО7888ОО','??67766','09688800022',0,NULL,3,0,'2018-03-26 14:59:44'),(290,'HKAKD','HIICD','MCDMB','KIHCM','KLAFI',5,NULL,3,0,'2018-03-26 14:59:44'),(291,'DLAFE','ICBBD','AJFDB','KLDIJ','BGYIE',5,NULL,3,0,'2018-03-26 14:59:44'),(292,'GFYHY','FIJDJ','EBMKC','JDEHE','GEAAG',5,NULL,3,0,'2018-03-26 14:59:44'),(293,'FJHDL','AAEYI','MMCKB','IMMJB','CFMFY',5,NULL,3,0,'2018-03-26 14:59:44'),(294,'CIDHE','DEYDA','LJMFY','KJCKB','IGLBY',5,NULL,3,0,'2018-03-26 14:59:44'),(295,'GKLGL','AICGF','ELEAA','JDJJM','JKYED',5,NULL,3,0,'2018-03-26 14:59:44'),(296,'IDJEL','DLMKA','GGKMK','MJCAK','KHLGI',5,NULL,3,0,'2018-03-26 14:59:44'),(297,'YDLYG','ALKIH','EMJKC','MIGMD','JBMYG',5,NULL,3,0,'2018-03-26 14:59:44'),(298,'HAJCK','HFKYI','YJKKE','AHDYB','KCBJL',5,NULL,3,0,'2018-03-26 14:59:44'),(299,'LJCEG','EYMFC','JFMKB','JIGGC','KEIBE',5,NULL,3,0,'2018-03-26 14:59:44'),(300,'JCEIY','LLMHY','LGIMG','JFYBE','KFEEA',5,NULL,3,0,'2018-03-26 14:59:44'),(301,'FMEYL','BMKJK','JHIDD','CACFC','KJLIG',5,NULL,3,0,'2018-03-26 14:59:44'),(302,'AMLDJ','ABFEC','CAAAE','KDLIH','YDKEL',5,NULL,3,0,'2018-03-26 14:59:44'),(303,'BJAGG','AJGFM','GJGAK','EGHDC','CJBIY',5,NULL,3,0,'2018-03-26 14:59:44'),(304,'BMBED','MGCEI','DCYGC','CLDIK','FMGYE',5,NULL,3,0,'2018-03-26 14:59:44'),(305,'KAAGG','LJGCI','AYLGD','MJJEH','AAEDM',5,NULL,3,0,'2018-03-26 14:59:44'),(306,'HBYLL','FCIHG','DLFEC','IMGKY','GYDAK',5,NULL,3,0,'2018-03-26 14:59:44'),(307,'IYEEC','LIKAL','GIHCI','LBABI','KKMBD',5,NULL,3,0,'2018-03-26 14:59:44'),(308,'DGBID','YMKJD','BMFYA','LKFGC','GGDDJ',5,NULL,3,0,'2018-03-26 14:59:44'),(309,'FHBKY','DLBCF','AFJDA','MFIIG','YMIHF',5,NULL,3,0,'2018-03-26 14:59:44');
/*!40000 ALTER TABLE `tr_driver` ENABLE KEYS */;
UNLOCK TABLES;

--
-- Table structure for table `tr_job_status_info`
--

DROP TABLE IF EXISTS `tr_job_status_info`;
/*!40101 SET @saved_cs_client     = @@character_set_client */;
/*!40101 SET character_set_client = utf8 */;
CREATE TABLE `tr_job_status_info` (
  `id` int(10) NOT NULL AUTO_INCREMENT,
  `name` varchar(255) NOT NULL,
  `start_date` timestamp NOT NULL DEFAULT CURRENT_TIMESTAMP ON UPDATE CURRENT_TIMESTAMP,
  `stop_date` timestamp NOT NULL DEFAULT '0000-00-00 00:00:00',
  `running` char(1) DEFAULT 'N',
  `enabled` char(1) NOT NULL DEFAULT 'Y',
  `enabled_by` int(10) DEFAULT NULL,
  PRIMARY KEY (`id`),
  KEY `FK_hvhw4d5opit5sdu09s7axsx8q` (`enabled_by`),
  CONSTRAINT `FK_hvhw4d5opit5sdu09s7axsx8q` FOREIGN KEY (`enabled_by`) REFERENCES `tr_user` (`id`)
) ENGINE=InnoDB AUTO_INCREMENT=2 DEFAULT CHARSET=utf8;
/*!40101 SET character_set_client = @saved_cs_client */;

--
-- Dumping data for table `tr_job_status_info`
--

LOCK TABLES `tr_job_status_info` WRITE;
/*!40000 ALTER TABLE `tr_job_status_info` DISABLE KEYS */;
INSERT INTO `tr_job_status_info` VALUES (1,'com.tmw.tracking.job.TrackingCallJob','2019-09-30 08:20:00','2019-09-30 08:20:00','N','Y',NULL);
/*!40000 ALTER TABLE `tr_job_status_info` ENABLE KEYS */;
UNLOCK TABLES;

--
-- Table structure for table `tr_line`
--

DROP TABLE IF EXISTS `tr_line`;
/*!40101 SET @saved_cs_client     = @@character_set_client */;
/*!40101 SET character_set_client = utf8 */;
CREATE TABLE `tr_line` (
  `id` int(11) NOT NULL AUTO_INCREMENT,
  `name` varchar(200) NOT NULL,
  PRIMARY KEY (`id`)
) ENGINE=InnoDB AUTO_INCREMENT=369 DEFAULT CHARSET=utf8;
/*!40101 SET character_set_client = @saved_cs_client */;

--
-- Dumping data for table `tr_line`
--

LOCK TABLES `tr_line` WRITE;
/*!40000 ALTER TABLE `tr_line` DISABLE KEYS */;
INSERT INTO `tr_line` VALUES (1,'ZIM'),(2,'Happag-Lloyd'),(3,'Yang Ming '),(4,'UASC'),(5,'SEAGO'),(6,'Evergreen'),(7,'OOCL'),(8,'MSC'),(9,'MOL'),(10,'MAERSK'),(11,'HMM'),(12,'COSCO'),(13,'CMA CGM'),(14,'Arkas'),(15,'APL'),(16,'ANL'),(17,'Admiral'),(18,'TURKON'),(42,'NewYork-Marsel'),(43,'NewYork-Marsel'),(44,'NewYork-Marsel'),(47,'NewYork-Marsel'),(48,'NewYork-Marsel'),(49,'NewYork-Marsel'),(50,'NewYork-Marsel'),(51,'NewYork-Marsel'),(55,'NewYork-Marsel'),(58,'NewYork-Marsel'),(77,'NewYork-Marsel'),(78,'NewYork-Marsel'),(349,'FFEYL'),(350,'MMFBH'),(351,'FYMBJ'),(352,'KKDEI'),(353,'GMELM'),(354,'AEJHI'),(355,'CFAAC'),(356,'MMIKD'),(357,'GAHAM'),(358,'EJEEM'),(359,'LMEYD'),(360,'KIJCH'),(361,'FFJYG'),(362,'LMBJH'),(363,'KECJL'),(364,'FBABD'),(365,'AIJYE'),(366,'JBYGY'),(367,'DEYIB'),(368,'MMLJG');
/*!40000 ALTER TABLE `tr_line` ENABLE KEYS */;
UNLOCK TABLES;

--
-- Table structure for table `tr_order`
--

DROP TABLE IF EXISTS `tr_order`;
/*!40101 SET @saved_cs_client     = @@character_set_client */;
/*!40101 SET character_set_client = utf8 */;
CREATE TABLE `tr_order` (
  `id` int(11) NOT NULL AUTO_INCREMENT,
  `order_1c` varchar(100) NOT NULL,
  `tracking_line` int(11) NOT NULL,
  `terminal` int(11) NOT NULL,
  `content_name` varchar(255) NOT NULL,
  `order_date` datetime NOT NULL,
  `client` int(11) NOT NULL,
  `trend` varchar(15) NOT NULL,
  `tenant` int(11) DEFAULT NULL,
  `version` int(11) NOT NULL,
  `last_updated` timestamp NOT NULL DEFAULT CURRENT_TIMESTAMP ON UPDATE CURRENT_TIMESTAMP,
  PRIMARY KEY (`id`),
  KEY `transaction_terminal_fk` (`terminal`),
  KEY `transaction_client_fk` (`client`),
  KEY `transaction_line_fk` (`tracking_line`),
  KEY `order_tenant_fk` (`tenant`),
  CONSTRAINT `order_client_fk` FOREIGN KEY (`client`) REFERENCES `tr_user` (`id`),
  CONSTRAINT `order_line_fk` FOREIGN KEY (`tracking_line`) REFERENCES `tr_line` (`id`),
  CONSTRAINT `order_tenant_fk` FOREIGN KEY (`tenant`) REFERENCES `tr_company` (`id`),
  CONSTRAINT `order_terminal_fk` FOREIGN KEY (`terminal`) REFERENCES `tr_terminal` (`id`)
) ENGINE=InnoDB AUTO_INCREMENT=13 DEFAULT CHARSET=utf8;
/*!40101 SET character_set_client = @saved_cs_client */;

--
-- Dumping data for table `tr_order`
--

LOCK TABLES `tr_order` WRITE;
/*!40000 ALTER TABLE `tr_order` DISABLE KEYS */;
INSERT INTO `tr_order` VALUES (2,'34oifj3904fj34',1,1,'Dolls','2017-03-14 00:00:00',7,'IMPORT',3,0,'2018-03-26 14:55:35'),(3,'34fj304mfopk;l',2,1,'Bells','2017-03-04 00:00:00',7,'EXPORT',3,0,'2018-03-26 14:55:35'),(4,'af3e434f3434f',2,1,'Dolls','2017-03-12 00:00:00',7,'EXPORT',3,0,'2018-03-26 14:55:35'),(5,'asdfasdf3f334f3',1,1,'?????','2017-03-12 00:00:00',7,'EXPORT',3,0,'2018-03-26 14:55:35'),(10,'asf34f34f34f1',1,1,'Bells','2017-03-21 00:00:00',6,'EXPORT',3,0,'2018-03-26 14:55:35'),(11,'asf34f34f34f2',2,1,'Bells','2017-03-21 00:00:00',6,'IMPORT',3,0,'2018-03-26 14:55:35'),(12,'34f34fd14c3',1,1,'Dolls','2017-03-21 00:00:00',6,'IMPORT',3,0,'2018-03-26 14:55:35');
/*!40000 ALTER TABLE `tr_order` ENABLE KEYS */;
UNLOCK TABLES;

--
-- Table structure for table `tr_order_details`
--

DROP TABLE IF EXISTS `tr_order_details`;
/*!40101 SET @saved_cs_client     = @@character_set_client */;
/*!40101 SET character_set_client = utf8 */;
CREATE TABLE `tr_order_details` (
  `id` int(11) NOT NULL AUTO_INCREMENT,
  `tracking_order` int(11) NOT NULL,
  `driver` int(11) NOT NULL,
  `container_type` int(11) DEFAULT NULL,
  `container_number` varchar(45) DEFAULT NULL,
  `weight` double DEFAULT NULL,
  PRIMARY KEY (`id`,`tracking_order`,`driver`),
  KEY `transaction_details_fk_idx` (`tracking_order`),
  KEY `transaction_details_driver_fk_idx` (`driver`),
  KEY `transaction_details_container_fk_idx` (`container_type`),
  CONSTRAINT `transaction_details_container_fk` FOREIGN KEY (`container_type`) REFERENCES `tr_container_type` (`id`) ON DELETE NO ACTION ON UPDATE NO ACTION,
  CONSTRAINT `transaction_details_driver_fk` FOREIGN KEY (`driver`) REFERENCES `tr_driver` (`id`) ON DELETE NO ACTION ON UPDATE NO ACTION,
  CONSTRAINT `transaction_details_fk` FOREIGN KEY (`tracking_order`) REFERENCES `tr_order` (`id`) ON DELETE NO ACTION ON UPDATE NO ACTION
) ENGINE=InnoDB AUTO_INCREMENT=27 DEFAULT CHARSET=utf8;
/*!40101 SET character_set_client = @saved_cs_client */;

--
-- Dumping data for table `tr_order_details`
--

LOCK TABLES `tr_order_details` WRITE;
/*!40000 ALTER TABLE `tr_order_details` DISABLE KEYS */;
INSERT INTO `tr_order_details` VALUES (3,2,1,1,'MSCH2452074',15825),(6,2,1,1,'MSCH24521',20209),(8,3,3,1,'MSCH24522',18378),(12,3,3,1,'MSCH24523',1212),(13,3,4,1,'MSCH24524',12092),(14,4,1,1,'MSCH24525',15825),(15,4,1,1,'MSCH24526',15825),(16,5,1,1,'MSCH24527',15835),(17,5,3,1,'MSCH24528',15835),(18,12,1,1,'MSCH24529',15845),(19,11,1,1,'MSCH24531',15845),(22,11,3,1,'MSCH24532',15845),(23,12,3,1,'MSCH24533',15945),(24,10,1,1,'MSCH24534',15845),(25,10,3,1,'MSCH24535',15945),(26,10,4,1,'MSCH24536',15945);
/*!40000 ALTER TABLE `tr_order_details` ENABLE KEYS */;
UNLOCK TABLES;

--
-- Table structure for table `tr_order_workflow`
--

DROP TABLE IF EXISTS `tr_order_workflow`;
/*!40101 SET @saved_cs_client     = @@character_set_client */;
/*!40101 SET character_set_client = utf8 */;
CREATE TABLE `tr_order_workflow` (
  `id` int(11) NOT NULL AUTO_INCREMENT,
  `tracking_order` int(11) NOT NULL,
  `status` varchar(45) NOT NULL,
  `deal_date` timestamp NOT NULL DEFAULT CURRENT_TIMESTAMP ON UPDATE CURRENT_TIMESTAMP,
  PRIMARY KEY (`id`,`tracking_order`,`status`,`deal_date`),
  KEY `transaction_workflow_fk_idx` (`tracking_order`),
  CONSTRAINT `transaction_workflow_fk` FOREIGN KEY (`tracking_order`) REFERENCES `tr_order` (`id`) ON DELETE NO ACTION ON UPDATE NO ACTION
) ENGINE=InnoDB AUTO_INCREMENT=7 DEFAULT CHARSET=utf8;
/*!40101 SET character_set_client = @saved_cs_client */;

--
-- Dumping data for table `tr_order_workflow`
--

LOCK TABLES `tr_order_workflow` WRITE;
/*!40000 ALTER TABLE `tr_order_workflow` DISABLE KEYS */;
INSERT INTO `tr_order_workflow` VALUES (1,10,'REGISTERED','2017-01-22 06:00:00'),(2,10,'TRANSPORTING','2017-01-23 06:00:00'),(3,10,'DELIVERED','2017-01-26 06:00:00'),(4,11,'REGISTERED','2017-01-22 06:00:00'),(5,11,'TRANSPORTING','2017-05-26 14:33:27'),(6,11,'DELIVERED','2017-02-26 06:00:00');
/*!40000 ALTER TABLE `tr_order_workflow` ENABLE KEYS */;
UNLOCK TABLES;

--
-- Table structure for table `tr_permission`
--

DROP TABLE IF EXISTS `tr_permission`;
/*!40101 SET @saved_cs_client     = @@character_set_client */;
/*!40101 SET character_set_client = utf8 */;
CREATE TABLE `tr_permission` (
  `id` int(10) NOT NULL AUTO_INCREMENT,
  `name` varchar(255) DEFAULT NULL,
  `description` varchar(255) NOT NULL,
  `parent` int(11) DEFAULT NULL,
  `system_permission` char(1) CHARACTER SET latin1 NOT NULL DEFAULT 'N',
  PRIMARY KEY (`id`),
  KEY `role_permission_fk` (`name`),
  KEY `tr_permission_ibfk_1` (`parent`),
  CONSTRAINT `tr_permission_ibfk_1` FOREIGN KEY (`parent`) REFERENCES `tr_permission` (`id`) ON DELETE CASCADE
) ENGINE=InnoDB AUTO_INCREMENT=41 DEFAULT CHARSET=utf8;
/*!40101 SET character_set_client = @saved_cs_client */;

--
-- Dumping data for table `tr_permission`
--

LOCK TABLES `tr_permission` WRITE;
/*!40000 ALTER TABLE `tr_permission` DISABLE KEYS */;
INSERT INTO `tr_permission` VALUES (7,'COMPANY_MANAGE_ROLES','Role Management',26,'N'),(8,'COMPANY_MANAGE_USERS','User Management',26,'N'),(10,'LOGIN_APP','Login availability to site',27,'N'),(12,'SYSTEM_CONFIG_MANAGEMENT','System configuration',27,'N'),(13,'SYSTEM_MONITORING','System monitoring and tests',27,'N'),(14,'ORDER','Order management',NULL,'N'),(15,'ORDER_SHOW','Show all orders',14,'N'),(16,'ORDER_UPDATE','Update order permission',14,'N'),(17,'ORDER_DETAILS','Order Details management',14,'N'),(18,'ORDER_DETAILS_SHOW','Show details on order',17,'N'),(19,'ORDER_DETAILS_UPDATE','Update details of order',17,'N'),(20,'DICTIONARY','Dictionaries management',NULL,'N'),(21,'DICT_GOODS','Goods dictionary usage',20,'N'),(22,'DICT_STATION_CODE','Station Codes dictionary usage',20,'N'),(23,'COMPANIES_MAINTAIN','Maintain Companies',NULL,'Y'),(24,'COMPANIES_MAINTAIN_CRUD','Company Admin Permission (Creating new/updating)',23,'Y'),(26,'COMPANY_MANAGEMENT','Company Admin Management',NULL,'N'),(27,'SYSTEM_PERMISSIONS','System permissions',NULL,'N'),(28,'DICT_CONT_TYPES','Container type dictionary usage',20,'N'),(29,'DICT_CONT_TYPES_SHOW','Container type dictionary read',28,'N'),(30,'DICT_CONT_TYPES_UPDATE','Container type dictionary update',28,'N'),(31,'DICT_DRIVERS','Drivers dictionary usage',20,'N'),(32,'DICT_DRIVERS_SHOW','Drivers dictionary read',31,'N'),(33,'DICT_DRIVERS_UPDATE','Drivers dictionary update',31,'N'),(34,'DICT_GOODS_SHOW','Goods dictionary read',21,'N'),(35,'DICT_GOODS_UPDATE','Goods dictionary update',21,'N'),(36,'DICT_STATION_CODE_SHOW','Station codes dictionary read',22,'N'),(37,'DICT_STATION_CODE_UPDATE','Station codes dictionary update',22,'N'),(38,'DICT_CONT_LINES','Container Lines dictionary usage',20,'N'),(39,'DICT_CONT_LINES_SHOW','Container Lines dictionary read',38,'N'),(40,'DICT_CONT_LINES_UPDATE','Container Lines dictionary update',38,'N');
/*!40000 ALTER TABLE `tr_permission` ENABLE KEYS */;
UNLOCK TABLES;

--
-- Table structure for table `tr_role`
--

DROP TABLE IF EXISTS `tr_role`;
/*!40101 SET @saved_cs_client     = @@character_set_client */;
/*!40101 SET character_set_client = utf8 */;
CREATE TABLE `tr_role` (
  `id` int(10) NOT NULL AUTO_INCREMENT,
  `role_name` varchar(255) NOT NULL,
  `editable` char(1) NOT NULL DEFAULT 'Y',
  `tenant` int(11) NOT NULL,
  `version` int(11) NOT NULL,
  `last_updated` timestamp NOT NULL DEFAULT CURRENT_TIMESTAMP ON UPDATE CURRENT_TIMESTAMP,
  `system_role` char(1) CHARACTER SET latin1 DEFAULT 'N',
  `assignable` char(1) CHARACTER SET latin1 NOT NULL DEFAULT 'Y',
  PRIMARY KEY (`id`),
  UNIQUE KEY `role_name` (`role_name`,`tenant`),
  KEY `tr_role_tenant_fk` (`tenant`),
  CONSTRAINT `tr_role_tenant_fk` FOREIGN KEY (`tenant`) REFERENCES `tr_company` (`id`)
) ENGINE=InnoDB AUTO_INCREMENT=20 DEFAULT CHARSET=utf8;
/*!40101 SET character_set_client = @saved_cs_client */;

--
-- Dumping data for table `tr_role`
--

LOCK TABLES `tr_role` WRITE;
/*!40000 ALTER TABLE `tr_role` DISABLE KEYS */;
INSERT INTO `tr_role` VALUES (1,'System Admin','N',3,0,'2018-04-06 20:03:48','Y','N'),(2,'User','Y',3,2,'2018-05-22 18:57:21','N','Y'),(10,'Manager','Y',3,0,'2018-05-20 14:18:13','N','Y'),(11,'Company Admin','Y',3,4,'2019-01-01 20:05:22','N','N'),(12,'Role','Y',3,0,'2018-05-17 20:12:39','N','Y'),(19,'Driver','Y',3,5,'2018-05-25 13:22:26','N','Y');
/*!40000 ALTER TABLE `tr_role` ENABLE KEYS */;
UNLOCK TABLES;

--
-- Table structure for table `tr_role_tr_permission`
--

DROP TABLE IF EXISTS `tr_role_tr_permission`;
/*!40101 SET @saved_cs_client     = @@character_set_client */;
/*!40101 SET character_set_client = utf8 */;
CREATE TABLE `tr_role_tr_permission` (
  `role_id` bigint(20) NOT NULL,
  `permissionList_id` bigint(20) NOT NULL,
  PRIMARY KEY (`role_id`,`permissionList_id`),
  KEY `FK_a1d7g1muce0y6yh2amihq0c62` (`permissionList_id`),
  KEY `FK_a6kdmfd1p5v4lh3wlyj870fuh` (`role_id`),
  KEY `UK_a1d7g1muce0y6yh2amihq0c62` (`permissionList_id`,`role_id`)
) ENGINE=InnoDB DEFAULT CHARSET=utf8;
/*!40101 SET character_set_client = @saved_cs_client */;

--
-- Dumping data for table `tr_role_tr_permission`
--

LOCK TABLES `tr_role_tr_permission` WRITE;
/*!40000 ALTER TABLE `tr_role_tr_permission` DISABLE KEYS */;
INSERT INTO `tr_role_tr_permission` VALUES (10,7),(11,7),(10,8),(11,8),(19,8),(1,10),(2,10),(10,10),(11,10),(19,10),(10,12),(11,12),(10,13),(11,13),(2,15),(11,15),(19,15),(11,16),(2,18),(11,18),(11,19),(1,24),(11,29),(19,29),(11,30),(11,32),(19,32),(11,33),(11,34),(19,34),(11,35),(11,36),(19,36),(11,37),(11,39),(19,39),(11,40);
/*!40000 ALTER TABLE `tr_role_tr_permission` ENABLE KEYS */;
UNLOCK TABLES;

--
-- Table structure for table `tr_site`
--

DROP TABLE IF EXISTS `tr_site`;
/*!40101 SET @saved_cs_client     = @@character_set_client */;
/*!40101 SET character_set_client = utf8 */;
CREATE TABLE `tr_site` (
  `id` int(11) NOT NULL AUTO_INCREMENT,
  `get_url` varchar(255) DEFAULT NULL,
  `post_url` varchar(255) DEFAULT NULL,
  `success_element` varchar(255) NOT NULL,
  `failure_element` varchar(255) DEFAULT NULL,
  `enclose` varchar(255) DEFAULT NULL,
  PRIMARY KEY (`id`)
) ENGINE=InnoDB AUTO_INCREMENT=10 DEFAULT CHARSET=utf8;
/*!40101 SET character_set_client = @saved_cs_client */;

--
-- Dumping data for table `tr_site`
--

LOCK TABLES `tr_site` WRITE;
/*!40000 ALTER TABLE `tr_site` DISABLE KEYS */;
INSERT INTO `tr_site` VALUES (1,'http://www.hapag-lloyd.com/en/online-business/tracing/tracing-by-container.html?container={0}',NULL,'Container Information','Container for given Container Number not found','represent actual data'),(2,'http://www.zim.com/pages/findcontainer.aspx?searchvalue1={0}',NULL,'Success line','The Information you requested may not be available','Success'),(3,'http://www.yangming.com/e-service/Track_Trace/mul_ctnr.aspx?str={0},&rdolType=CT',NULL,'<td>Container No.</td>','we can\'t identify','</tbody>'),(4,'http://uasconline.uasc.net/TrackingResults?Sequence={0}&itype=iTrack&callType=NoAjax&firstcall_track=no',NULL,'<table width=\"100%\" border=\"0\" cellpadding=\"3\" cellspacing=\"1\" class=\"bdr_lgold\" id=\"table-trackSummary\">','Following numbers are invalid','<td align=\"center\" bgcolor=\"#FFFFFF\">'),(5,'http://moc.oocl.com/party/cargotracking/ct_search_from_other_domain.jsf?ANONYMOUS_BEHAVIOR=BUILD_UP&domainName=PARTY_DOMAIN&ENTRY_TYPE=OOCL&ENTRY=MCC&ctSearchType=CNTR&ctShipmentNumber={0}',NULL,'<table id=\"summaryTable\" width=\"100%\" border=\"0\" cellpadding=\"0\" cellspacing=\"0\" class=\"dataTable\">','todo','</table></td>'),(6,'https://my.maerskline.com/tracking/search?searchNumber={0}',NULL,'success','todo',NULL),(7,'http://www.cma-cgm.com/ebusiness/tracking/search?SearchBy=Container&Reference={0}',NULL,'<table class=\"data-table\" id=\"container-moves\">','No Results','</table>'),(8,'http://homeport.apl.com/gentrack/trackingMain.do?trackInput01={0}',NULL,'Container Number','todo','Clearances'),(9,'http://www.anl.com.au/ebusiness/tracking/search?SearchBy=Container&Reference={0}',NULL,'<table class=\"data-table\" id=\"container-moves\">','No Results','</table>');
/*!40000 ALTER TABLE `tr_site` ENABLE KEYS */;
UNLOCK TABLES;

--
-- Table structure for table `tr_terminal`
--

DROP TABLE IF EXISTS `tr_terminal`;
/*!40101 SET @saved_cs_client     = @@character_set_client */;
/*!40101 SET character_set_client = utf8 */;
CREATE TABLE `tr_terminal` (
  `id` int(11) NOT NULL AUTO_INCREMENT,
  `name` varchar(100) NOT NULL,
  `address` varchar(255) DEFAULT NULL,
  `city` varchar(100) DEFAULT NULL,
  `country` varchar(100) DEFAULT NULL,
  PRIMARY KEY (`id`)
) ENGINE=InnoDB AUTO_INCREMENT=54 DEFAULT CHARSET=utf8;
/*!40101 SET character_set_client = @saved_cs_client */;

--
-- Dumping data for table `tr_terminal`
--

LOCK TABLES `tr_terminal` WRITE;
/*!40000 ALTER TABLE `tr_terminal` DISABLE KEYS */;
INSERT INTO `tr_terminal` VALUES (1,'Yuzhny','Petrova 12','Yuzhny','Ukraine'),(2,'GPK','Bocharova 33','Odessa','Ukraine'),(37,'A3','Tversky 72/2','Liverpool','England'),(40,'A3','Tversky 72/2','Liverpool','England'),(42,'A3','Tversky 72/2','Liverpool','England'),(45,'A3','Tversky 72/2','Liverpool','England'),(46,'A3','Tversky 72/2','Liverpool','England'),(47,'A3','Tversky 72/2','Liverpool','England'),(48,'A3','Tversky 72/2','Liverpool','England'),(49,'A3','Tversky 72/2','Liverpool','England'),(53,'A3','Tversky 72/2','Liverpool','England');
/*!40000 ALTER TABLE `tr_terminal` ENABLE KEYS */;
UNLOCK TABLES;

--
-- Table structure for table `tr_user`
--

DROP TABLE IF EXISTS `tr_user`;
/*!40101 SET @saved_cs_client     = @@character_set_client */;
/*!40101 SET character_set_client = utf8 */;
CREATE TABLE `tr_user` (
  `id` int(11) NOT NULL AUTO_INCREMENT,
  `email` varchar(255) NOT NULL,
  `first_name` varchar(255) NOT NULL,
  `last_name` varchar(255) NOT NULL,
  `active` char(1) DEFAULT 'Y',
  `password` varchar(255) DEFAULT NULL,
  `phone` varchar(20) NOT NULL,
  `locale` varchar(10) NOT NULL DEFAULT 'en_us',
  `role` int(11) DEFAULT NULL,
  `last_updated` timestamp NOT NULL DEFAULT CURRENT_TIMESTAMP ON UPDATE CURRENT_TIMESTAMP,
  `version` int(11) NOT NULL,
  `tenant` int(11) NOT NULL,
  `activation_hash` varchar(255) DEFAULT NULL,
  `activation_created` timestamp NOT NULL DEFAULT CURRENT_TIMESTAMP,
  PRIMARY KEY (`id`),
  UNIQUE KEY `tr_user_activation_hash_u` (`activation_hash`),
  KEY `tr_user_role_fk` (`role`),
  KEY `tr_user_tenant_fk` (`tenant`),
  CONSTRAINT `tr_user_role_fk` FOREIGN KEY (`role`) REFERENCES `tr_role` (`id`) ON DELETE CASCADE,
  CONSTRAINT `tr_user_tenant_fk` FOREIGN KEY (`tenant`) REFERENCES `tr_company` (`id`)
) ENGINE=InnoDB AUTO_INCREMENT=356 DEFAULT CHARSET=utf8;
/*!40101 SET character_set_client = @saved_cs_client */;

--
-- Dumping data for table `tr_user`
--

LOCK TABLES `tr_user` WRITE;
/*!40000 ALTER TABLE `tr_user` DISABLE KEYS */;
INSERT INTO `tr_user` VALUES (1,'WILLY2005@GMAIL.COM','PavelTest','Zhelnov','Y','3b612c75a7b5048a435fb6ec81e52ff92d6d795a8b5a9c17070f6a63c97a53b2','+380938513201','ru_RU',11,'2019-03-06 14:40:08',27,3,NULL,'2019-03-06 14:40:08'),(2,'test@example.com','Test','152148881885444','Y','3b612c75a7b5048a435fb6ec81e52ff92d6d795a8b5a9c17070f6a63c97a53b2','+380935563311','en_US',1,'2019-09-12 13:04:56',4,3,NULL,'2018-05-22 10:23:43'),(3,'TEST3@EXAMPLE.COM','test7','test7','Y','96cae35ce8a9b0244178bf28e4966c2ce1b8385723a96a6b838858cdd6ca0a1e','+380565333222','en_US',10,'2019-01-01 19:57:50',9,3,NULL,'2019-01-01 19:57:50'),(6,'market@agro-log.com','Vlad','Olesyuk','Y','3b612c75a7b5048a435fb6ec81e52ff92d6d795a8b5a9c17070f6a63c97a53b2','+380675573108','en_US',1,'2018-06-19 07:46:34',1,3,NULL,'2018-05-22 19:21:46'),(7,'OMIHAZ@GMAIL.COM','VLAD','Shvaydetsky','Y','a0ec06301bf1814970a70f89d1d373afdff9a36d1ba6675fc02f8a975f4efaeb','+380936995666','en_us',1,'2018-02-08 11:20:58',0,3,NULL,'2018-05-22 10:23:43'),(332,'w1@example.com','first1','last1','Y','f284bdc3c1c9e24a494e285cb387c69510f28de51c15bb93179d9c7f28705398','+124820394811','en',11,'2018-05-20 11:29:40',20,15,NULL,'2018-05-22 10:23:43'),(333,'w2@example.com','First2','Last22','Y','655addeaa3bd3253fcee01bc28751d18c626bb017c17e4cc6f889e2f5ec93130','+092350239509','en',11,'2018-04-05 08:25:39',7,16,NULL,'2018-05-22 10:23:43'),(334,'willy2005+1@gmail.com','first4','last4','Y','3b612c75a7b5048a435fb6ec81e52ff92d6d795a8b5a9c17070f6a63c97a53b2','+340589340958','en',11,'2018-05-22 17:24:55',20,17,NULL,'2018-05-22 19:24:57'),(335,'444@example.com','test444','test444','N','2413fb3709b05939f04cf2e92f7d0897fc2596f9ad0b8a9ea855c7bfebaae892','+44 (444) 444-44-44','en_US',10,'2018-05-22 10:46:30',3,3,NULL,'2018-05-22 10:23:43'),(336,'77@example.com','New3','New3','Y','e3b0c44298fc1c149afbf4c8996fb92427ae41e4649b934ca495991b7852b855','+77 (777) 777-77-77','en',10,'2018-04-24 18:50:34',1,17,NULL,'2018-05-22 10:23:43'),(337,'new4@example.com','new4','new4','Y','8d5321a47d742f40dda2c52246dd6e94c1609fe6188e7e5e1d3718c47e71937a','+77 (777) 777-77-78','en',10,'2018-04-09 18:33:49',0,17,NULL,'2018-05-22 10:23:43'),(338,'test5@example.com','test5','test5','Y','e3b0c44298fc1c149afbf4c8996fb92427ae41e4649b934ca495991b7852b855','+304985039485','en_US',10,'2018-05-22 18:55:34',3,3,NULL,'2018-05-22 20:55:36'),(339,'natashylka2405@gmail.com','test1','test1','N','2413fb3709b05939f04cf2e92f7d0897fc2596f9ad0b8a9ea855c7bfebaae892','+23 (098) 092-34-85','en_US',19,'2018-05-22 10:46:30',8,3,NULL,'2018-05-22 10:23:43'),(351,'willy2005+5@gmail.com','test5','test5','Y','3b612c75a7b5048a435fb6ec81e52ff92d6d795a8b5a9c17070f6a63c97a53b2','+230498239040','en',11,'2018-05-22 18:58:49',13,22,NULL,'2018-05-22 18:58:31'),(353,'test9@example.com','test9','test9','Y','086820f76d6005362b5d15c7c3657fd8f352f90ba92a439d3710bada80e49ddd','+239048723984','en_US',NULL,'2018-05-24 16:43:00',0,3,'d03ff2b236b469f5682d087b029ac2a5d86c2aa181b3b3ebd669f55b4fc244ec','2018-05-24 14:43:00'),(354,'willy99@gmail.com','test7','test7','Y','d6e3a8f3a4367b032963b07ff374c8f018259c0cc3584ae40ac4fb7f6ffcf6da','+324092390482','en_US',19,'2018-05-25 13:17:06',1,3,NULL,'2018-05-25 13:15:41'),(355,'willy99@mail.ru','test8','test8','Y','3b612c75a7b5048a435fb6ec81e52ff92d6d795a8b5a9c17070f6a63c97a53b2','+230948209384','en_US',19,'2018-05-25 13:19:21',1,3,NULL,'2018-05-25 13:18:59');
/*!40000 ALTER TABLE `tr_user` ENABLE KEYS */;
UNLOCK TABLES;

--
-- Table structure for table `tr_web_statistic`
--

DROP TABLE IF EXISTS `tr_web_statistic`;
/*!40101 SET @saved_cs_client     = @@character_set_client */;
/*!40101 SET character_set_client = utf8 */;
CREATE TABLE `tr_web_statistic` (
  `id` int(11) NOT NULL AUTO_INCREMENT,
  `ip` varchar(45) DEFAULT NULL,
  `host` varchar(255) NOT NULL,
  `user_agent` varchar(255) NOT NULL,
  `web_date` date NOT NULL,
  `count` int(11) NOT NULL,
  `additional` varchar(255) DEFAULT NULL,
  `region` varchar(100) DEFAULT NULL,
  `browser` varchar(45) DEFAULT NULL,
  `browser_type` varchar(45) DEFAULT NULL,
  `browser_version` varchar(45) DEFAULT NULL,
  `device_type` varchar(45) DEFAULT NULL,
  `platform` varchar(45) DEFAULT NULL,
  `platform_version` varchar(45) DEFAULT NULL,
  PRIMARY KEY (`id`)
) ENGINE=InnoDB AUTO_INCREMENT=5911 DEFAULT CHARSET=utf8;
/*!40101 SET character_set_client = @saved_cs_client */;

--
-- Dumping data for table `tr_web_statistic`
--

LOCK TABLES `tr_web_statistic` WRITE;
/*!40000 ALTER TABLE `tr_web_statistic` DISABLE KEYS */;
INSERT INTO `tr_web_statistic` VALUES (1,'213.231.17.239','so-track.com.ua','Mozilla/5.0 (Macintosh; Intel Mac OS X 10_14_4) AppleWebKit/537.36 (KHTML, like Gecko) Chrome/73.0.3683.103 Safari/537.36','2019-05-03',4,NULL,NULL,NULL,NULL,NULL,NULL,NULL,NULL),(11,'213.231.17.239','so-track.com.ua','Dalvik/2.1.0 (Linux; U; Android 7.1.2; Redmi 4X MIUI/V10.3.1.0.NAMMIXM)','2019-05-03',1,NULL,NULL,NULL,NULL,NULL,NULL,NULL,NULL),(21,'213.147.167.243','tracking-rest-app.herokuapp.com','Mozilla/5.0 (Windows NT 10.0; Win64; x64) AppleWebKit/537.36 (KHTML, like Gecko) Chrome/73.0.3683.103 Safari/537.36','2019-05-04',6,NULL,NULL,NULL,NULL,NULL,NULL,NULL,NULL),(31,'185.247.21.234','so-track.com.ua','Dalvik/2.1.0 (Linux; U; Android 9; Android SDK built for x86 Build/PSR1.180720.075)','2019-05-04',4,NULL,NULL,NULL,NULL,NULL,NULL,NULL,NULL),(41,'185.247.21.234','tracking-rest-app.herokuapp.com','Mozilla/5.0 (Macintosh; Intel Mac OS X 10_14_4) AppleWebKit/605.1.15 (KHTML, like Gecko) Version/12.1 Safari/605.1.15','2019-05-04',7,NULL,NULL,NULL,NULL,NULL,NULL,NULL,NULL),(51,'185.247.21.234','tracking-rest-app.herokuapp.com','Dalvik/2.1.0 (Linux; U; Android 9; Android SDK built for x86 Build/PSR1.180720.075)','2019-05-04',2,NULL,NULL,NULL,NULL,NULL,NULL,NULL,NULL),(61,'217.107.194.36','tracking-rest-app.herokuapp.com','Mozilla/5.0 (Windows NT 6.1; Win64; x64) AppleWebKit/537.36 (KHTML, like Gecko) Chrome/73.0.3683.103 Safari/537.36','2019-05-04',2,NULL,NULL,NULL,NULL,NULL,NULL,NULL,NULL),(71,'185.247.21.234','tracking-rest-app.herokuapp.com','Mozilla/5.0 (Linux; Android 9; Android SDK built for x86) AppleWebKit/537.36 (KHTML, like Gecko) Chrome/73.0.3683.90 Mobile Safari/537.36','2019-05-04',4,NULL,NULL,NULL,NULL,NULL,NULL,NULL,NULL),(81,'185.247.21.234','tracking-rest-app.herokuapp.com','StolesCalc/1.0.2 (iPhone; iOS 12.2; Scale/3.00)','2019-05-04',1,NULL,NULL,NULL,NULL,NULL,NULL,NULL,NULL),(91,'185.247.21.234','tracking-rest-app.herokuapp.com','Mozilla/5.0 (iPhone; CPU iPhone OS 12_2 like Mac OS X) AppleWebKit/605.1.15 (KHTML, like Gecko) Mobile/15E148','2019-05-04',2,NULL,NULL,NULL,NULL,NULL,NULL,NULL,NULL),(101,'46.96.12.128','so-track.com.ua','Dalvik/2.1.0 (Linux; U; Android 7.1.2; Redmi 4X MIUI/V10.3.1.0.NAMMIXM)','2019-05-04',1,NULL,NULL,NULL,NULL,NULL,NULL,NULL,NULL),(111,'0:0:0:0:0:0:0:1','localhost:8082','Mozilla/5.0 (Macintosh; Intel Mac OS X 10_14_4) AppleWebKit/537.36 (KHTML, like Gecko) Chrome/73.0.3683.103 Safari/537.36','2019-05-03',17,NULL,NULL,NULL,NULL,NULL,NULL,NULL,NULL),(121,'0:0:0:0:0:0:0:1','localhost:8082','Mozilla/5.0 (Macintosh; Intel Mac OS X 10_14_4) AppleWebKit/537.36 (KHTML, like Gecko) Chrome/73.0.3683.103 Safari/537.36','2019-05-03',8,NULL,NULL,NULL,NULL,NULL,NULL,NULL,NULL),(131,'0:0:0:0:0:0:0:1','localhost:8082','Mozilla/5.0 (Macintosh; Intel Mac OS X 10_14_4) AppleWebKit/537.36 (KHTML, like Gecko) Chrome/73.0.3683.103 Safari/537.36','2019-05-04',11,NULL,NULL,NULL,NULL,NULL,NULL,NULL,NULL),(141,'213.231.17.239','so-track.com.ua','Mozilla/5.0 (Macintosh; Intel Mac OS X 10_14_4) AppleWebKit/537.36 (KHTML, like Gecko) Chrome/73.0.3683.103 Safari/537.36','2019-05-04',15,NULL,NULL,NULL,NULL,NULL,NULL,NULL,NULL),(151,'213.231.17.239','so-track.com.ua','Mozilla/5.0 (Macintosh; Intel Mac OS X 10_14_4) AppleWebKit/537.36 (KHTML, like Gecko) Chrome/73.0.3683.103 Safari/537.36','2019-05-05',2,NULL,NULL,NULL,NULL,NULL,NULL,NULL,NULL),(161,'46.211.27.254','tracking-rest-app.herokuapp.com','Mozilla/5.0 (Linux; Android 8.0.0; VKY-L29) AppleWebKit/537.36 (KHTML, like Gecko) Chrome/72.0.3626.121 Mobile Safari/537.36','2019-05-05',2,NULL,NULL,NULL,NULL,NULL,NULL,NULL,NULL),(171,'46.211.27.254','tracking-rest-app.herokuapp.com','Dalvik/2.1.0 (Linux; U; Android 8.0.0; VKY-L29 Build/HUAWEIVKY-L29)','2019-05-05',1,NULL,NULL,NULL,NULL,NULL,NULL,NULL,NULL),(181,'193.178.51.160','tracking-rest-app.herokuapp.com','StolesCalc/1.0.2 (iPhone; iOS 12.2; Scale/3.00)','2019-05-05',1,NULL,NULL,NULL,NULL,NULL,NULL,NULL,NULL),(191,'193.178.51.160','tracking-rest-app.herokuapp.com','Mozilla/5.0 (iPhone; CPU iPhone OS 12_2 like Mac OS X) AppleWebKit/605.1.15 (KHTML, like Gecko) Mobile/15E148','2019-05-05',2,NULL,NULL,NULL,NULL,NULL,NULL,NULL,NULL),(201,'83.139.179.111','tracking-rest-app.herokuapp.com','Mozilla/5.0 (Windows NT 6.1; Win64; x64) AppleWebKit/537.36 (KHTML, like Gecko) Chrome/74.0.3729.131 Safari/537.36','2019-05-05',1,NULL,NULL,NULL,NULL,NULL,NULL,NULL,NULL),(211,'31.31.116.147','tracking-rest-app.herokuapp.com','Mozilla/5.0 (Windows NT 10.0; Win64; x64) AppleWebKit/537.36 (KHTML, like Gecko) Chrome/73.0.3683.103 Safari/537.36','2019-05-05',6,NULL,NULL,NULL,NULL,NULL,NULL,NULL,NULL),(221,'213.231.17.239','tracking-rest-app.herokuapp.com','Mozilla/5.0 (Macintosh; Intel Mac OS X 10_14_4) AppleWebKit/537.36 (KHTML, like Gecko) Chrome/73.0.3683.103 Safari/537.36','2019-05-06',5,NULL,NULL,NULL,NULL,NULL,NULL,NULL,NULL),(231,'223.104.63.153','tracking-rest-app.herokuapp.com','StolesCalc/1.0.3 (iPhone; iOS 12.2; Scale/3.00)','2019-05-06',9,NULL,NULL,NULL,NULL,NULL,NULL,NULL,NULL),(241,'46.96.46.190','tracking-rest-app.herokuapp.com','Dalvik/2.1.0 (Linux; U; Android 7.1.2; Redmi 4X MIUI/V10.3.1.0.NAMMIXM)','2019-05-06',5,NULL,NULL,NULL,NULL,NULL,NULL,NULL,NULL),(251,'46.96.46.190','tracking-rest-app.herokuapp.com','Mozilla/5.0 (Linux; Android 7.1.2; Redmi 4X) AppleWebKit/537.36 (KHTML, like Gecko) Chrome/73.0.3683.90 Mobile Safari/537.36','2019-05-06',8,NULL,NULL,NULL,NULL,NULL,NULL,NULL,NULL),(261,'109.202.25.23','tracking-rest-app.herokuapp.com','Mozilla/5.0 (Macintosh; Intel Mac OS X 10_14_3) AppleWebKit/605.1.15 (KHTML, like Gecko) Version/12.0.3 Safari/605.1.15','2019-05-06',4,NULL,NULL,NULL,NULL,NULL,NULL,NULL,NULL),(271,'46.96.46.190','so-track.com.ua','Dalvik/2.1.0 (Linux; U; Android 7.1.2; Redmi 4X MIUI/V10.3.1.0.NAMMIXM)','2019-05-06',1,NULL,NULL,NULL,NULL,NULL,NULL,NULL,NULL),(281,'185.247.21.235','tracking-rest-app.herokuapp.com','Mozilla/5.0 (iPhone; CPU iPhone OS 12_2 like Mac OS X) AppleWebKit/605.1.15 (KHTML, like Gecko) Version/12.1 Mobile/15E148 Safari/604.1','2019-05-06',2,NULL,NULL,NULL,NULL,NULL,NULL,NULL,NULL),(291,'178.133.57.23','tracking-rest-app.herokuapp.com','StolesCalc/1.0.2 (iPhone; iOS 12.2; Scale/3.00)','2019-05-06',11,NULL,NULL,NULL,NULL,NULL,NULL,NULL,NULL),(301,'185.247.21.235','tracking-rest-app.herokuapp.com','Mozilla/5.0 (Macintosh; Intel Mac OS X 10_14_4) AppleWebKit/605.1.15 (KHTML, like Gecko) Version/12.1 Safari/605.1.15','2019-05-06',22,NULL,NULL,NULL,NULL,NULL,NULL,NULL,NULL),(311,'213.231.17.239','tracking-rest-app.herokuapp.com','Mozilla/5.0 (Linux; Android 7.1.2; Redmi 4X) AppleWebKit/537.36 (KHTML, like Gecko) Chrome/74.0.3729.136 Mobile Safari/537.36','2019-05-06',4,NULL,NULL,NULL,NULL,NULL,NULL,NULL,NULL),(321,'193.178.51.161','tracking-rest-app.herokuapp.com','Mozilla/5.0 (Linux; Android 6.0; Nexus 5 Build/MRA58N) AppleWebKit/537.36 (KHTML, like Gecko) Chrome/73.0.3683.75 Mobile Safari/537.36','2019-05-06',2,NULL,NULL,'Chrome','Browser','73','Mobile Phone','Android','6.0'),(331,'193.178.51.161','tracking-rest-app.herokuapp.com','Dalvik/2.1.0 (Linux; U; Android 5.1.1; SM-J200F Build/LMY47X)','2019-05-06',1,NULL,NULL,'Dalvik','Application','2','Mobile Phone','Android','5.1'),(341,'193.178.51.161','tracking-rest-app.herokuapp.com','Dalvik/2.1.0 (Linux; U; Android 9; Android SDK built for x86 Build/PSR1.180720.075)','2019-05-06',1,NULL,NULL,'Dalvik','Application','2','Mobile Phone','Android','Unknown'),(351,'193.178.51.161','tracking-rest-app.herokuapp.com','Mozilla/5.0 (iPhone; CPU iPhone OS 12_2 like Mac OS X) AppleWebKit/605.1.15 (KHTML, like Gecko) Mobile/15E148','2019-05-06',6,NULL,NULL,'Mobile Safari UIWebView','Browser','0','Mobile Phone','iOS','Unknown'),(361,'46.96.29.41','so-track.com.ua','Mozilla/5.0 (Macintosh; Intel Mac OS X 10_14_4) AppleWebKit/537.36 (KHTML, like Gecko) Chrome/73.0.3683.103 Safari/537.36','2019-05-07',27,NULL,NULL,'Chrome','Browser','73','Desktop','macOS','10.14'),(371,'46.211.26.74','tracking-rest-app.herokuapp.com','Dalvik/2.1.0 (Linux; U; Android 8.0.0; VKY-L29 Build/HUAWEIVKY-L29)','2019-05-07',41,NULL,NULL,'Dalvik','Application','2','Mobile Phone','Android','8.0'),(381,'46.133.165.15','tracking-rest-app.herokuapp.com','StolesCalc/1.0.3 (iPhone; iOS 12.2; Scale/3.00)','2019-05-07',2,NULL,NULL,'Mobile Safari UIWebView','Browser','0','Mobile Phone','iOS','Unknown'),(391,'178.93.151.182','tracking-rest-app.herokuapp.com','Mozilla/5.0 (Windows NT 6.1) AppleWebKit/537.36 (KHTML, like Gecko) Chrome/71.0.3578.98 Safari/537.36 OPR/58.0.3135.132','2019-05-07',4,NULL,NULL,'Opera','Browser','58','Desktop','Win7','6.1'),(401,'95.181.199.182','tracking-rest-app.herokuapp.com','Mozilla/5.0 (Windows NT 6.1; WOW64; Trident/7.0; rv:11.0) like Gecko','2019-05-07',2,NULL,NULL,'IE','Browser','11','Desktop','Win7','6.1'),(411,'46.211.26.74','tracking-rest-app.herokuapp.com','Mozilla/5.0 (Linux; Android 8.0.0; VKY-L29) AppleWebKit/537.36 (KHTML, like Gecko) Chrome/72.0.3626.121 Mobile Safari/537.36','2019-05-07',94,NULL,NULL,'Chrome','Browser','72','Mobile Phone','Android','8.0'),(421,'193.178.51.161','tracking-rest-app.herokuapp.com','Mozilla/5.0 (Linux; Android 5.1.1; Android SDK built for x86 Build/LMY48X) AppleWebKit/537.36 (KHTML, like Gecko) Version/4.0 Chrome/39.0.0.0 Mobile Safari/537.36','2019-05-07',4,NULL,NULL,'Android WebView','Browser','39','Mobile Phone','Android','5.1'),(431,'193.178.51.161','tracking-rest-app.herokuapp.com','Dalvik/2.1.0 (Linux; U; Android 5.1.1; Android SDK built for x86 Build/LMY48X)','2019-05-07',1,NULL,NULL,'Dalvik','Application','2','Mobile Phone','Android','5.1'),(441,'46.133.240.7','tracking-rest-app.herokuapp.com','Mozilla/5.0 (iPhone; CPU iPhone OS 12_2 like Mac OS X) AppleWebKit/605.1.15 (KHTML, like Gecko) Mobile/15E148','2019-05-07',2,NULL,NULL,'Mobile Safari UIWebView','Browser','0','Mobile Phone','iOS','Unknown'),(451,'193.178.51.161','tracking-rest-app.herokuapp.com','Mozilla/5.0 (Macintosh; Intel Mac OS X 10_14_4) AppleWebKit/605.1.15 (KHTML, like Gecko) Version/12.1 Safari/605.1.15','2019-05-07',38,NULL,NULL,'Safari','Browser','0','Desktop','macOS','10.14'),(461,'193.178.51.161','tracking-rest-app.herokuapp.com','Mozilla/5.0 (Linux; Android 5.1.1; SM-J200F) AppleWebKit/537.36 (KHTML, like Gecko) Chrome/73.0.3683.90 Mobile Safari/537.36','2019-05-07',78,NULL,NULL,'Chrome','Browser','73','Mobile Phone','Android','5.1'),(471,'193.178.51.161','tracking-rest-app.herokuapp.com','Mozilla/5.0 (Linux; Android 6.0; Nexus 5 Build/MRA58N) AppleWebKit/537.36 (KHTML, like Gecko) Chrome/73.0.3683.75 Mobile Safari/537.36','2019-05-07',2,NULL,NULL,'Chrome','Browser','73','Mobile Phone','Android','6.0'),(481,'193.178.51.161','tracking-rest-app.herokuapp.com','Dalvik/2.1.0 (Linux; U; Android 5.1.1; SM-J200F Build/LMY47X)','2019-05-07',40,NULL,NULL,'Dalvik','Application','2','Mobile Phone','Android','5.1'),(491,'221.142.20.19','tracking-rest-app.herokuapp.com','StolesCalc/1.0.4 (iPhone; iOS 12.2; Scale/2.00)','2019-05-08',4,NULL,NULL,'Mobile Safari UIWebView','Browser','0','Mobile Phone','iOS','Unknown'),(501,'213.231.17.239','tracking-rest-app.herokuapp.com','Dalvik/2.1.0 (Linux; U; Android 7.1.2; Redmi 4X MIUI/V10.3.1.0.NAMMIXM)','2019-05-08',3,NULL,NULL,'Miui Browser','Browser','0','Mobile Phone','Miui OS','Unknown'),(511,'213.231.17.239','tracking-rest-app.herokuapp.com','Mozilla/5.0 (Linux; Android 7.1.2; Redmi 4X) AppleWebKit/537.36 (KHTML, like Gecko) Chrome/74.0.3729.136 Mobile Safari/537.36','2019-05-08',6,NULL,NULL,'Chrome','Browser','0','Mobile Phone','Android','7.1'),(521,'193.178.51.161','tracking-rest-app.herokuapp.com','Mozilla/5.0 (Macintosh; Intel Mac OS X 10_14_4) AppleWebKit/537.36 (KHTML, like Gecko) Chrome/73.0.3683.75 Safari/537.36','2019-05-07',2,NULL,NULL,'Chrome','Browser','73','Desktop','macOS','10.14'),(531,'46.211.24.169','tracking-rest-app.herokuapp.com','Mozilla/5.0 (Linux; Android 8.0.0; VKY-L29) AppleWebKit/537.36 (KHTML, like Gecko) Chrome/72.0.3626.121 Mobile Safari/537.36','2019-05-08',2,NULL,NULL,'Chrome','Browser','72','Mobile Phone','Android','8.0'),(541,'37.147.99.64','tracking-rest-app.herokuapp.com','Mozilla/5.0 (Windows NT 10.0; Win64; x64) AppleWebKit/537.36 (KHTML, like Gecko) Chrome/71.0.3578.98 Safari/537.36 OPR/58.0.3135.132','2019-05-08',1,NULL,NULL,'Opera','Browser','58','Desktop','Win10','10.0'),(551,'46.211.24.169','tracking-rest-app.herokuapp.com','Dalvik/2.1.0 (Linux; U; Android 8.0.0; VKY-L29 Build/HUAWEIVKY-L29)','2019-05-08',1,NULL,NULL,'Dalvik','Application','2','Mobile Phone','Android','8.0'),(561,'95.74.13.101','tracking-rest-app.herokuapp.com','Dalvik/2.1.0 (Linux; U; Android 8.0.0; RNE-L01 Build/HUAWEIRNE-L01)','2019-05-08',1,NULL,NULL,'Dalvik','Application','2','Mobile Phone','Android','8.0'),(571,'213.208.174.8','tracking-rest-app.herokuapp.com','Mozilla/5.0 (Windows NT 10.0; WOW64; rv:66.0) Gecko/20100101 Firefox/66.0','2019-05-10',2,NULL,NULL,'Firefox','Browser','66','Desktop','Win10','10.0'),(581,'52.13.121.12','so-track.com.ua','Mozilla/5.0 (Macintosh; PPC Mac OS X 10.8; rv:48.0) Gecko/20100101 Firefox/48.0','2019-05-10',1,NULL,NULL,'Firefox','Browser','48','Desktop','MacOSX','10.8'),(591,'213.231.17.239','so-track.com.ua','Mozilla/5.0 (Macintosh; Intel Mac OS X 10_14_4) AppleWebKit/537.36 (KHTML, like Gecko) Chrome/74.0.3729.131 Safari/537.36','2019-05-10',1,NULL,NULL,'Chrome','Browser','0','Desktop','macOS','10.14'),(601,'66.249.73.3','so-track.com.ua','Mozilla/5.0 (compatible; Googlebot/2.1; +http://www.google.com/bot.html)','2019-05-10',3,NULL,NULL,'Google Bot','Bot/Crawler','2','Unknown','Unknown','Unknown'),(611,'82.117.229.94','tracking-rest-app.herokuapp.com','Mozilla/5.0 (Windows NT 6.1; Win64; x64) AppleWebKit/537.36 (KHTML, like Gecko) Chrome/74.0.3729.131 Safari/537.36','2019-05-10',8,NULL,NULL,'Chrome','Browser','0','Desktop','Win7','6.1'),(621,'176.100.75.144','tracking-rest-app.herokuapp.com','Mozilla/5.0 (Windows NT 10.0; WOW64) AppleWebKit/537.36 (KHTML, like Gecko) Chrome/71.0.3578.98 Safari/537.36 OPR/58.0.3135.132 (Edition Yx)','2019-05-10',4,NULL,NULL,'Opera','Browser','58','Desktop','Win10','10.0'),(631,'176.100.75.85','tracking-rest-app.herokuapp.com','Mozilla/5.0 (Windows NT 10.0; WOW64) AppleWebKit/537.36 (KHTML, like Gecko) Chrome/71.0.3578.98 Safari/537.36 OPR/58.0.3135.132 (Edition Yx)','2019-05-11',2,NULL,NULL,'Opera','Browser','58','Desktop','Win10','10.0'),(641,'178.133.42.248','tracking-rest-app.herokuapp.com','StolesCalc/1.0.3 (iPhone; iOS 12.2; Scale/3.00)','2019-05-11',1,NULL,NULL,'Mobile Safari UIWebView','Browser','0','Mobile Phone','iOS','Unknown'),(651,'213.231.17.239','so-track.com.ua','Mozilla/5.0 (Macintosh; Intel Mac OS X 10_14_4) AppleWebKit/537.36 (KHTML, like Gecko) Chrome/74.0.3729.131 Safari/537.36','2019-05-11',5,NULL,NULL,'Chrome','Browser','0','Desktop','macOS','10.14'),(661,'213.80.134.226','tracking-rest-app.herokuapp.com','Mozilla/5.0 (Windows NT 6.1; Win64; x64) AppleWebKit/537.36 (KHTML, like Gecko) Chrome/71.0.3578.98 Safari/537.36 OPR/58.0.3135.132','2019-05-11',2,NULL,NULL,'Opera','Browser','58','Desktop','Win7','6.1'),(671,'66.249.66.136','so-track.com.ua','Mozilla/5.0 (compatible; Googlebot/2.1; +http://www.google.com/bot.html)','2019-05-11',1,NULL,NULL,'Google Bot','Bot/Crawler','2','Unknown','Unknown','Unknown'),(681,'178.133.42.248','tracking-rest-app.herokuapp.com','Mozilla/5.0 (iPhone; CPU iPhone OS 12_2 like Mac OS X) AppleWebKit/605.1.15 (KHTML, like Gecko) Mobile/15E148','2019-05-11',2,NULL,NULL,'Mobile Safari UIWebView','Browser','0','Mobile Phone','iOS','Unknown'),(691,'213.231.17.239','tracking-rest-app.herokuapp.com','Mozilla/5.0 (Linux; Android 7.1.2; Redmi 4X) AppleWebKit/537.36 (KHTML, like Gecko) Chrome/74.0.3729.136 Mobile Safari/537.36','2019-05-12',2,NULL,NULL,'Chrome','Browser','0','Mobile Phone','Android','7.1'),(701,'89.43.20.73','tracking-rest-app.herokuapp.com','Mozilla/5.0 (Macintosh; Intel Mac OS X 10_14_3) AppleWebKit/605.1.15 (KHTML, like Gecko) Version/12.0.3 Safari/605.1.15','2019-05-12',2,NULL,NULL,'Safari','Browser','12','Desktop','macOS','10.14'),(711,'46.211.25.43','tracking-rest-app.herokuapp.com','Dalvik/2.1.0 (Linux; U; Android 9; VKY-L29 Build/HUAWEIVKY-L29)','2019-05-12',39,NULL,NULL,'Dalvik','Application','2','Mobile Phone','Android','Unknown'),(721,'86.107.110.149','tracking-rest-app.herokuapp.com','Mozilla/5.0 (Windows NT 10.0; WOW64; rv:66.0) Gecko/20100101 Firefox/66.0','2019-05-12',2,NULL,NULL,'Firefox','Browser','66','Desktop','Win10','10.0'),(731,'176.100.75.62','tracking-rest-app.herokuapp.com','Mozilla/5.0 (Windows NT 10.0; WOW64) AppleWebKit/537.36 (KHTML, like Gecko) Chrome/71.0.3578.98 Safari/537.36 OPR/58.0.3135.132 (Edition Yx)','2019-05-12',4,NULL,NULL,'Opera','Browser','58','Desktop','Win10','10.0'),(741,'213.231.17.239','tracking-rest-app.herokuapp.com','Dalvik/2.1.0 (Linux; U; Android 7.1.2; Redmi 4X MIUI/V10.3.1.0.NAMMIXM)','2019-05-12',1,NULL,NULL,'Miui Browser','Browser','0','Mobile Phone','Miui OS','Unknown'),(751,'193.178.51.40','tracking-rest-app.herokuapp.com','Mozilla/5.0 (iPhone; CPU iPhone OS 12_2 like Mac OS X) AppleWebKit/605.1.15 (KHTML, like Gecko) Mobile/15E148','2019-05-13',11,NULL,NULL,'Mobile Safari UIWebView','Browser','0','Mobile Phone','iOS','Unknown'),(761,'193.178.51.40','tracking-rest-app.herokuapp.com','Mozilla/5.0 (Macintosh; Intel Mac OS X 10_14_4) AppleWebKit/605.1.15 (KHTML, like Gecko) Version/12.1 Safari/605.1.15','2019-05-13',7,NULL,NULL,'Safari','Browser','0','Desktop','macOS','10.14'),(771,'46.211.25.43','tracking-rest-app.herokuapp.com','Mozilla/5.0 (Linux; Android 9; VKY-L29) AppleWebKit/537.36 (KHTML, like Gecko) Chrome/72.0.3626.121 Mobile Safari/537.36','2019-05-12',55,NULL,NULL,'Chrome','Browser','72','Mobile Phone','Android','9.0'),(781,'193.178.51.40','tracking-rest-app.herokuapp.com','StolesCalc/1.0.3 (iPhone; iOS 12.2; Scale/3.00)','2019-05-13',3,NULL,NULL,'Mobile Safari UIWebView','Browser','0','Mobile Phone','iOS','Unknown'),(791,'213.231.17.239','so-track.com.ua','Mozilla/5.0 (Macintosh; Intel Mac OS X 10_14_4) AppleWebKit/537.36 (KHTML, like Gecko) Chrome/74.0.3729.131 Safari/537.36','2019-05-12',10,NULL,NULL,'Chrome','Browser','0','Desktop','macOS','10.14'),(801,'213.231.17.239','so-track.com.ua','Mozilla/5.0 (Macintosh; Intel Mac OS X 10_14_4) AppleWebKit/537.36 (KHTML, like Gecko) Chrome/74.0.3729.131 Safari/537.36','2019-05-13',3,NULL,NULL,'Chrome','Browser','0','Desktop','macOS','10.14'),(811,'95.188.248.181','tracking-rest-app.herokuapp.com','Mozilla/5.0 (Windows NT 6.1; WOW64) AppleWebKit/537.36 (KHTML, like Gecko) Chrome/73.0.3683.86 Safari/537.36 OPR/60.0.3255.27 (Edition Campaign 34)','2019-05-13',2,NULL,NULL,'Opera','Browser','60','Desktop','Win7','6.1'),(821,'62.148.138.24','tracking-rest-app.herokuapp.com','Mozilla/5.0 (Windows NT 10.0; WOW64) AppleWebKit/537.36 (KHTML, like Gecko) Chrome/73.0.3683.86 YaBrowser/19.4.0.2397 Yowser/2.5 Safari/537.36','2019-05-13',2,NULL,NULL,'Yandex Browser','Browser','0','Desktop','Win10','10.0'),(831,'193.233.71.17','tracking-rest-app.herokuapp.com','Mozilla/5.0 (Windows NT 10.0; Win64; x64) AppleWebKit/537.36 (KHTML, like Gecko) Chrome/73.0.3683.86 Safari/537.36','2019-05-13',2,NULL,NULL,'Chrome','Browser','73','Desktop','Win10','10.0'),(841,'46.211.112.38','tracking-rest-app.herokuapp.com','Mozilla/5.0 (Linux; Android 9; VKY-L29) AppleWebKit/537.36 (KHTML, like Gecko) Chrome/72.0.3626.121 Mobile Safari/537.36','2019-05-13',2,NULL,NULL,'Chrome','Browser','72','Mobile Phone','Android','9.0'),(851,'46.211.112.38','tracking-rest-app.herokuapp.com','Dalvik/2.1.0 (Linux; U; Android 9; VKY-L29 Build/HUAWEIVKY-L29)','2019-05-13',1,NULL,NULL,'Dalvik','Application','2','Mobile Phone','Android','Unknown'),(861,'46.133.171.26','tracking-rest-app.herokuapp.com','StolesCalc/1.0.4 (iPhone; iOS 12.2; Scale/3.00)','2019-05-13',13,NULL,NULL,'Mobile Safari UIWebView','Browser','0','Mobile Phone','iOS','Unknown'),(871,'46.96.50.172','tracking-rest-app.herokuapp.com','Dalvik/2.1.0 (Linux; U; Android 7.1.2; Redmi 4X MIUI/V10.3.1.0.NAMMIXM)','2019-05-13',2,NULL,NULL,'Miui Browser','Browser','0','Mobile Phone','Miui OS','Unknown'),(881,'46.96.50.172','tracking-rest-app.herokuapp.com','Mozilla/5.0 (Linux; Android 7.1.2; Redmi 4X) AppleWebKit/537.36 (KHTML, like Gecko) Chrome/74.0.3729.136 Mobile Safari/537.36','2019-05-13',1,NULL,NULL,'Chrome','Browser','0','Mobile Phone','Android','7.1'),(891,'46.133.171.26','tracking-rest-app.herokuapp.com','Mozilla/5.0 (iPhone; CPU iPhone OS 12_2 like Mac OS X) AppleWebKit/605.1.15 (KHTML, like Gecko) Version/12.1 Mobile/15E148 Safari/604.1','2019-05-13',2,NULL,NULL,'Safari','Browser','0','Mobile Phone','iOS','Unknown'),(901,'46.133.25.81','tracking-rest-app.herokuapp.com','Mozilla/5.0 (Linux; U; Android 7.1.2; ru-ru; Redmi 4A Build/N2G47H) AppleWebKit/537.36 (KHTML, like Gecko) Version/4.0 Chrome/61.0.3163.128 Mobile Safari/537.36 XiaoMi/MiuiBrowser/10.7.2-g','2019-05-14',4,NULL,NULL,'Miui Browser','Browser','0','Mobile Phone','Android','7.1'),(911,'213.231.17.239','tracking-rest-app.herokuapp.com','Mozilla/5.0 (Macintosh; Intel Mac OS X 10_14_4) AppleWebKit/537.36 (KHTML, like Gecko) Chrome/74.0.3729.131 Safari/537.36','2019-05-14',1,NULL,NULL,'Chrome','Browser','0','Desktop','macOS','10.14'),(921,'159.224.215.163','so-track.com.ua','Mozilla/5.0 (Windows NT 10.0; Win64; x64) AppleWebKit/537.36 (KHTML, like Gecko) Chrome/74.0.3729.131 Safari/537.36','2019-05-14',1,NULL,NULL,'Chrome','Browser','0','Desktop','Win10','10.0'),(931,'178.176.168.174','tracking-rest-app.herokuapp.com','StolesCalc/1.0.5 (iPhone; iOS 12.2; Scale/3.00)','2019-05-14',1,NULL,NULL,'Mobile Safari UIWebView','Browser','0','Mobile Phone','iOS','Unknown'),(941,'46.229.168.129','so-track.com.ua','Mozilla/5.0 (compatible; SemrushBot/3~bl; +http://www.semrush.com/bot.html)','2019-05-14',1,NULL,NULL,'SemrushBot','Bot/Crawler','0','Unknown','Unknown','Unknown'),(951,'178.176.168.174','tracking-rest-app.herokuapp.com','Mozilla/5.0 (iPhone; CPU iPhone OS 12_2 like Mac OS X) AppleWebKit/605.1.15 (KHTML, like Gecko) Mobile/15E148','2019-05-14',2,NULL,NULL,'Mobile Safari UIWebView','Browser','0','Mobile Phone','iOS','Unknown'),(961,'86.102.86.22','tracking-rest-app.herokuapp.com','Mozilla/5.0 (Windows NT 6.1; WOW64) AppleWebKit/537.36 (KHTML, like Gecko) Chrome/73.0.3683.86 YaBrowser/19.4.0.2397 Yowser/2.5 Safari/537.36','2019-05-15',4,NULL,NULL,'Yandex Browser','Browser','0','Desktop','Win7','6.1'),(971,'35.162.157.219','so-track.com.ua','Mozilla/5.0 (Macintosh; PPC Mac OS X 10.11; rv:54.0) Gecko/20100101 Firefox/54.0','2019-05-15',1,NULL,NULL,'Firefox','Browser','54','Desktop','MacOSX','10.11'),(981,'182.1.18.65','tracking-rest-app.herokuapp.com','Dalvik/2.1.0 (Linux; U; Android 8.1.0; RMX1811 Build/OPM1.171019.026)','2019-05-14',13,NULL,NULL,'Dalvik','Application','2','Mobile Phone','Android','8.1'),(991,'124.64.16.199','tracking-rest-app.herokuapp.com','Mozilla/5.0 (iPhone; CPU iPhone OS 12_0_1 like Mac OS X) AppleWebKit/605.1.15 (KHTML, like Gecko) Version/12.0 Mobile/15E148 Safari/604.1','2019-05-15',2,NULL,NULL,'Safari','Browser','12','Mobile Phone','iOS','12.0'),(1001,'182.1.18.65','tracking-rest-app.herokuapp.com','Mozilla/5.0 (Linux; Android 8.1.0; RMX1811 Build/OPM1.171019.026) AppleWebKit/537.36 (KHTML, like Gecko) Chrome/68.0.3440.91 Mobile Safari/537.36','2019-05-14',24,NULL,NULL,'Chrome','Browser','68','Mobile Phone','Android','8.1'),(1011,'5.144.206.187','tracking-rest-app.herokuapp.com','Dalvik/2.1.0 (Linux; U; Android 8.1.0; Redmi Note 5 MIUI/V10.2.2.0.OEIMIXM)','2019-05-15',12,NULL,NULL,'Miui Browser','Browser','0','Mobile Phone','Miui OS','Unknown'),(1021,'5.144.206.187','tracking-rest-app.herokuapp.com','Mozilla/5.0 (Linux; Android 8.1.0; Redmi Note 5) AppleWebKit/537.36 (KHTML, like Gecko) Chrome/74.0.3729.136 Mobile Safari/537.36','2019-05-15',1,NULL,NULL,'Chrome','Browser','0','Mobile Phone','Android','8.1'),(1031,'77.52.192.94','tracking-rest-app.herokuapp.com','Mozilla/5.0 (Windows NT 6.1; Win64; x64) AppleWebKit/537.36 (KHTML, like Gecko) Chrome/59.0.3071.115 Safari/537.36','2019-05-15',4,NULL,NULL,'Chrome','Browser','59','Desktop','Win7','6.1'),(1041,'213.135.68.46','tracking-rest-app.herokuapp.com','Mozilla/5.0 (Windows NT 10.0) AppleWebKit/537.36 (KHTML, like Gecko) Chrome/74.0.3729.131 Safari/537.36','2019-05-15',4,NULL,NULL,'Chrome','Browser','0','Desktop','Win10','10.0'),(1051,'212.98.191.140','tracking-rest-app.herokuapp.com','Mozilla/5.0 (Windows NT 6.1; Win64; x64) AppleWebKit/537.36 (KHTML, like Gecko) Chrome/73.0.3683.103 Safari/537.36 OPR/60.0.3255.84','2019-05-15',4,NULL,NULL,'Opera','Browser','60','Desktop','Win7','6.1'),(1061,'212.98.191.140','tracking-rest-app.herokuapp.com','Mozilla/5.0 (Windows NT 6.1; Win64; x64) AppleWebKit/537.36 (KHTML, like Gecko) Chrome/73.0.3683.103 Safari/537.36 OPR/60.0.3255.84 (Edition Campaign 34)','2019-05-15',2,NULL,NULL,'Opera','Browser','60','Desktop','Win7','6.1'),(1071,'93.185.17.22','tracking-rest-app.herokuapp.com','Mozilla/5.0 (Windows NT 6.1; Win64; x64) AppleWebKit/537.36 (KHTML, like Gecko) Chrome/74.0.3729.157 Safari/537.36','2019-05-16',1,NULL,NULL,'Chrome','Browser','0','Desktop','Win7','6.1'),(1081,'182.1.18.111','tracking-rest-app.herokuapp.com','Mozilla/5.0 (Linux; Android 8.1.0; RMX1811 Build/OPM1.171019.026) AppleWebKit/537.36 (KHTML, like Gecko) Chrome/68.0.3440.91 Mobile Safari/537.36','2019-05-16',10,NULL,NULL,'Chrome','Browser','68','Mobile Phone','Android','8.1'),(1091,'213.231.17.239','tracking-rest-app.herokuapp.com','Mozilla/5.0 (Macintosh; Intel Mac OS X 10_14_4) AppleWebKit/537.36 (KHTML, like Gecko) Chrome/74.0.3729.157 Safari/537.36','2019-05-16',2,NULL,NULL,'Chrome','Browser','0','Desktop','macOS','10.14'),(1101,'182.1.18.111','tracking-rest-app.herokuapp.com','Dalvik/2.1.0 (Linux; U; Android 8.1.0; RMX1811 Build/OPM1.171019.026)','2019-05-16',1,NULL,NULL,'Dalvik','Application','2','Mobile Phone','Android','8.1'),(1111,'178.150.96.220','tracking-rest-app.herokuapp.com','Mozilla/5.0 (Windows NT 10.0; Win64; x64) AppleWebKit/537.36 (KHTML, like Gecko) Chrome/74.0.3729.131 Safari/537.36','2019-05-16',2,NULL,NULL,'Chrome','Browser','0','Desktop','Win10','10.0'),(1121,'165.225.73.20','tracking-rest-app.herokuapp.com','Mozilla/5.0 (Windows NT 6.1; WOW64; Trident/7.0; rv:11.0) like Gecko','2019-05-16',2,NULL,NULL,'IE','Browser','11','Desktop','Win7','6.1'),(1131,'88.11.128.244','tracking-rest-app.herokuapp.com','Mozilla/5.0 (Linux; Android 9; I4113) AppleWebKit/537.36 (KHTML, like Gecko) Chrome/74.0.3729.157 Mobile Safari/537.36','2019-05-17',2,NULL,NULL,'Chrome','Browser','0','Mobile Phone','Android','9.0'),(1141,'31.172.138.97','so-track.com.ua','Mozilla/5.0 (Macintosh; Intel Mac OS X 10_14_4) AppleWebKit/537.36 (KHTML, like Gecko) Chrome/74.0.3729.157 Safari/537.36','2019-05-17',6,NULL,NULL,'Chrome','Browser','0','Desktop','macOS','10.14'),(1151,'46.211.112.116','tracking-rest-app.herokuapp.com','Dalvik/2.1.0 (Linux; U; Android 9; VKY-L29 Build/HUAWEIVKY-L29)','2019-05-17',1,NULL,NULL,'Dalvik','Application','2','Mobile Phone','Android','Unknown'),(1161,'185.112.41.11','tracking-rest-app.herokuapp.com','Mozilla/5.0 (Windows NT 6.1; Win64; x64) AppleWebKit/537.36 (KHTML, like Gecko) Chrome/74.0.3729.157 Safari/537.36','2019-05-17',4,NULL,NULL,'Chrome','Browser','0','Desktop','Win7','6.1'),(1171,'66.249.75.62','so-track.com.ua','Mozilla/5.0 (compatible; Googlebot/2.1; +http://www.google.com/bot.html)','2019-05-17',2,NULL,NULL,'Google Bot','Bot/Crawler','2','Unknown','Unknown','Unknown'),(1181,'176.119.121.154','tracking-rest-app.herokuapp.com','Mozilla/5.0 (Windows NT 6.1; Win64; x64) AppleWebKit/537.36 (KHTML, like Gecko) Chrome/74.0.3729.131 Safari/537.36','2019-05-17',6,NULL,NULL,'Chrome','Browser','0','Desktop','Win7','6.1'),(1191,'37.215.92.13','tracking-rest-app.herokuapp.com','Mozilla/5.0 (Windows NT 10.0; Win64; x64) AppleWebKit/537.36 (KHTML, like Gecko) Chrome/74.0.3729.131 Safari/537.36','2019-05-20',3,NULL,NULL,'Chrome','Browser','0','Desktop','Win10','10.0'),(1201,'195.19.218.204','tracking-rest-app.herokuapp.com','Mozilla/5.0 (Windows NT 10.0; Win64; x64) AppleWebKit/537.36 (KHTML, like Gecko) Chrome/74.0.3729.157 Safari/537.36','2019-05-20',4,NULL,NULL,'Chrome','Browser','0','Desktop','Win10','10.0'),(1211,'49.34.116.214','tracking-rest-app.herokuapp.com','Dalvik/2.1.0 (Linux; U; Android 8.1.0; Moto G (5S) Plus Build/OPSS28.65-36-9)','2019-05-20',2,NULL,NULL,'Dalvik','Application','2','Mobile Phone','Android','8.1'),(1221,'46.211.46.102','tracking-rest-app.herokuapp.com','Mozilla/5.0 (Linux; Android 7.0; MEIZU M6 Build/NRD90M; wv) AppleWebKit/537.36 (KHTML, like Gecko) Version/4.0 Chrome/74.0.3729.136 Mobile Safari/537.36','2019-05-20',4,NULL,NULL,'Chrome','Browser','0','Mobile Phone','Android','7.0'),(1231,'213.33.180.146','tracking-rest-app.herokuapp.com','Mozilla/5.0 (Windows NT 6.1; Win64; x64) AppleWebKit/537.36 (KHTML, like Gecko) Chrome/74.0.3729.131 Safari/537.36','2019-05-20',2,NULL,NULL,'Chrome','Browser','0','Desktop','Win7','6.1'),(1241,'213.231.17.239','tracking-rest-app.herokuapp.com','Mozilla/5.0 (Macintosh; Intel Mac OS X 10_14_4) AppleWebKit/537.36 (KHTML, like Gecko) Chrome/74.0.3729.157 Safari/537.36','2019-05-20',2,NULL,NULL,'Chrome','Browser','0','Desktop','macOS','10.14'),(1251,'49.34.95.158','tracking-rest-app.herokuapp.com','Dalvik/2.1.0 (Linux; U; Android 7.0; Redmi Note 4 MIUI/V10.2.3.0.NCFMIXM)','2019-05-20',1,NULL,NULL,'Miui Browser','Browser','0','Mobile Phone','Miui OS','Unknown'),(1261,'85.95.145.230','tracking-rest-app.herokuapp.com','Mozilla/5.0 (Windows NT 10.0; Win64; x64; rv:66.0) Gecko/20100101 Firefox/66.0','2019-05-21',1,NULL,NULL,'Firefox','Browser','66','Desktop','Win10','10.0'),(1271,'94.143.51.127','tracking-rest-app.herokuapp.com','Mozilla/5.0 (Windows NT 10.0; WOW64) AppleWebKit/537.36 (KHTML, like Gecko) Chrome/73.0.3683.103 YaBrowser/19.4.2.702 Yowser/2.5 Safari/537.36','2019-05-20',6,NULL,NULL,'Yandex Browser','Browser','0','Desktop','Win10','10.0'),(1281,'49.34.116.214','tracking-rest-app.herokuapp.com','Mozilla/5.0 (Linux; Android 8.1.0; Moto G (5S) Plus) AppleWebKit/537.36 (KHTML, like Gecko) Chrome/74.0.3729.157 Mobile Safari/537.36','2019-05-20',4,NULL,NULL,'Chrome','Browser','0','Mobile Phone','Android','8.1'),(1291,'213.231.17.239','tracking-rest-app.herokuapp.com','Mozilla/5.0 (Macintosh; Intel Mac OS X 10_14_4) AppleWebKit/537.36 (KHTML, like Gecko) Chrome/74.0.3729.157 Safari/537.36','2019-05-21',2,NULL,NULL,'Chrome','Browser','0','Desktop','macOS','10.14'),(1301,'94.158.149.72','so-track.com.ua','Mozilla/5.0 (Windows NT 10.0; Win64; x64) AppleWebKit/537.36 (KHTML, like Gecko) Chrome/74.0.3729.157 Safari/537.36','2019-05-21',2,NULL,NULL,'Chrome','Browser','0','Desktop','Win10','10.0'),(1311,'115.178.65.235','tracking-rest-app.herokuapp.com','Mozilla/5.0 (Windows NT 10.0; WOW64; Trident/7.0; rv:11.0) like Gecko','2019-05-21',1,NULL,NULL,'IE','Browser','11','Desktop','Win10','10.0'),(1321,'213.231.17.239','so-track.com.ua','Mozilla/5.0 (Macintosh; Intel Mac OS X 10_14_4) AppleWebKit/537.36 (KHTML, like Gecko) Chrome/74.0.3729.157 Safari/537.36','2019-05-21',3,NULL,NULL,'Chrome','Browser','0','Desktop','macOS','10.14'),(1331,'94.158.149.72','tracking-rest-app.herokuapp.com','Mozilla/5.0 (Windows NT 10.0; Win64; x64) AppleWebKit/537.36 (KHTML, like Gecko) Chrome/74.0.3729.157 Safari/537.36','2019-05-21',10,NULL,NULL,'Chrome','Browser','0','Desktop','Win10','10.0'),(1341,'195.91.254.5','tracking-rest-app.herokuapp.com','Mozilla/5.0 (Windows NT 10.0; WOW64) AppleWebKit/537.36 (KHTML, like Gecko) Chrome/73.0.3683.103 YaBrowser/19.4.2.702 Yowser/2.5 Safari/537.36','2019-05-21',2,NULL,NULL,'Yandex Browser','Browser','0','Desktop','Win10','10.0'),(1351,'94.158.149.72','tracking-rest-app.herokuapp.com','Mozilla/5.0 (Windows NT 10.0; Win64; x64) AppleWebKit/537.36 (KHTML, like Gecko) Chrome/74.0.3729.157 Safari/537.36','2019-05-22',6,NULL,NULL,'Chrome','Browser','0','Desktop','Win10','10.0'),(1361,'195.218.183.83','tracking-rest-app.herokuapp.com','Mozilla/5.0 (Windows NT 10.0; WOW64) AppleWebKit/537.36 (KHTML, like Gecko) Chrome/73.0.3683.103 YaBrowser/19.4.2.702 Yowser/2.5 Safari/537.36','2019-05-22',4,NULL,NULL,'Yandex Browser','Browser','0','Desktop','Win10','10.0'),(1371,'94.25.177.54','tracking-rest-app.herokuapp.com','Mozilla/5.0 (Linux; Android 8.1.0; LG-M700) AppleWebKit/537.36 (KHTML, like Gecko) Chrome/73.0.3683.103 YaBrowser/19.4.0.535.00 Mobile Safari/537.36','2019-05-22',2,NULL,NULL,'Yandex Browser','Browser','0','Mobile Phone','Android','8.1'),(1381,'59.148.255.9','tracking-rest-app.herokuapp.com','Mozilla/5.0 (iPhone; CPU iPhone OS 12_2 like Mac OS X) AppleWebKit/605.1.15 (KHTML, like Gecko) Mobile/15E148','2019-05-22',8,NULL,NULL,'Mobile Safari UIWebView','Browser','0','Mobile Phone','iOS','Unknown'),(1391,'59.148.255.9','tracking-rest-app.herokuapp.com','StolesCalc/1.0.5 (iPhone; iOS 12.2; Scale/3.00)','2019-05-22',5,NULL,NULL,'Mobile Safari UIWebView','Browser','0','Mobile Phone','iOS','Unknown'),(1401,'195.206.46.50','tracking-rest-app.herokuapp.com','Mozilla/5.0 (Windows NT 6.1; Win64; x64; rv:67.0) Gecko/20100101 Firefox/67.0','2019-05-22',1,NULL,NULL,'Firefox','Browser','67','Desktop','Win7','6.1'),(1411,'213.231.17.239','so-track.com.ua','Mozilla/5.0 (Macintosh; Intel Mac OS X 10_14_5) AppleWebKit/537.36 (KHTML, like Gecko) Chrome/74.0.3729.169 Safari/537.36','2019-05-26',6,NULL,NULL,'Chrome','Browser','0','Desktop','macOS','10.14'),(1421,'94.158.149.72','tracking-rest-app.herokuapp.com','Mozilla/5.0 (Windows NT 10.0; Win64; x64) AppleWebKit/537.36 (KHTML, like Gecko) Chrome/74.0.3729.157 Safari/537.36','2019-05-27',4,NULL,NULL,'Chrome','Browser','0','Desktop','Win10','10.0'),(1431,'94.159.25.90','tracking-rest-app.herokuapp.com','Mozilla/5.0 (Windows NT 6.1) AppleWebKit/537.36 (KHTML, like Gecko) Chrome/74.0.3729.169 Safari/537.36','2019-05-27',2,NULL,NULL,'Chrome','Browser','0','Desktop','Win7','6.1'),(1441,'94.158.149.72','tracking-rest-app.herokuapp.com','Mozilla/5.0 (Linux; Android 6.0; Nexus 5 Build/MRA58N) AppleWebKit/537.36 (KHTML, like Gecko) Chrome/74.0.3729.157 Mobile Safari/537.36','2019-05-27',2,NULL,NULL,'Chrome','Browser','0','Mobile Phone','Android','6.0'),(1451,'82.208.97.3','tracking-rest-app.herokuapp.com','Mozilla/5.0 (Windows NT 6.1; WOW64; Trident/7.0; rv:11.0) like Gecko','2019-05-27',16,NULL,NULL,'IE','Browser','11','Desktop','Win7','6.1'),(1461,'82.151.222.177','tracking-rest-app.herokuapp.com','Mozilla/5.0 (Windows NT 6.1; WOW64) AppleWebKit/537.36 (KHTML, like Gecko) Chrome/73.0.3683.103 YaBrowser/19.4.2.702 Yowser/2.5 Safari/537.36','2019-05-27',2,NULL,NULL,'Yandex Browser','Browser','0','Desktop','Win7','6.1'),(1471,'213.231.17.239','so-track.com.ua','Mozilla/5.0 (Macintosh; Intel Mac OS X 10_14_5) AppleWebKit/537.36 (KHTML, like Gecko) Chrome/74.0.3729.169 Safari/537.36','2019-05-28',4,NULL,NULL,'Chrome','Browser','0','Desktop','macOS','10.14'),(1481,'77.233.188.58','tracking-rest-app.herokuapp.com','Mozilla/5.0 (Windows NT 6.2; Win64; x64; rv:67.0) Gecko/20100101 Firefox/67.0','2019-05-28',1,NULL,NULL,'Firefox','Browser','67','Desktop','Win8','6.2'),(1491,'213.231.17.239','tracking-rest-app.herokuapp.com','Mozilla/5.0 (Macintosh; Intel Mac OS X 10_14_5) AppleWebKit/537.36 (KHTML, like Gecko) Chrome/74.0.3729.169 Safari/537.36','2019-05-27',2,NULL,NULL,'Chrome','Browser','0','Desktop','macOS','10.14'),(1501,'159.224.215.163','so-track.com.ua','Mozilla/5.0 (Windows NT 10.0; Win64; x64) AppleWebKit/537.36 (KHTML, like Gecko) Chrome/74.0.3729.169 Safari/537.36','2019-05-28',3,NULL,NULL,'Chrome','Browser','0','Desktop','Win10','10.0'),(1511,'213.87.157.40','tracking-rest-app.herokuapp.com','Mozilla/5.0 (Windows NT 10.0; WOW64) AppleWebKit/537.36 (KHTML, like Gecko) Chrome/73.0.3683.103 YaBrowser/19.4.2.702 Yowser/2.5 Safari/537.36','2019-05-27',2,NULL,NULL,'Yandex Browser','Browser','0','Desktop','Win10','10.0'),(1521,'46.219.208.120','tracking-rest-app.herokuapp.com','Mozilla/5.0 (iPhone; CPU iPhone OS 12_2 like Mac OS X) AppleWebKit/605.1.15 (KHTML, like Gecko) CriOS/73.0.3683.68 Mobile/15E148 Safari/605.1','2019-05-27',4,NULL,NULL,'Chrome','Browser','73','Mobile Phone','iOS','Unknown'),(1531,'91.243.203.109','tracking-rest-app.herokuapp.com','Mozilla/5.0 (Windows NT 6.1; Win64; x64) AppleWebKit/537.36 (KHTML, like Gecko) Chrome/74.0.3729.169 Safari/537.36','2019-05-29',2,NULL,NULL,'Chrome','Browser','0','Desktop','Win7','6.1'),(1541,'83.102.134.211','tracking-rest-app.herokuapp.com','Mozilla/5.0 (Windows NT 6.1) AppleWebKit/537.36 (KHTML, like Gecko) Chrome/74.0.3729.169 Safari/537.36','2019-05-29',1,NULL,NULL,'Chrome','Browser','0','Desktop','Win7','6.1'),(1551,'82.208.97.3','tracking-rest-app.herokuapp.com','Mozilla/5.0 (Windows NT 6.1; WOW64; Trident/7.0; rv:11.0) like Gecko','2019-05-29',64,NULL,NULL,'IE','Browser','11','Desktop','Win7','6.1'),(1561,'93.190.224.234','tracking-rest-app.herokuapp.com','StolesCalc/1.0.5 (iPhone; iOS 12.2; Scale/2.00)','2019-05-29',2,NULL,NULL,'Mobile Safari UIWebView','Browser','0','Mobile Phone','iOS','Unknown'),(1571,'93.190.224.234','tracking-rest-app.herokuapp.com','Mozilla/5.0 (iPhone; CPU iPhone OS 12_2 like Mac OS X) AppleWebKit/605.1.15 (KHTML, like Gecko) Mobile/15E148','2019-05-29',2,NULL,NULL,'Mobile Safari UIWebView','Browser','0','Mobile Phone','iOS','Unknown'),(1581,'195.19.218.204','tracking-rest-app.herokuapp.com','Mozilla/5.0 (Windows NT 10.0; Win64; x64) AppleWebKit/537.36 (KHTML, like Gecko) Chrome/74.0.3729.169 Safari/537.36','2019-05-29',2,NULL,NULL,'Chrome','Browser','0','Desktop','Win10','10.0'),(1591,'82.208.97.3','tracking-rest-app.herokuapp.com','Mozilla/5.0 (Windows NT 6.1; WOW64; Trident/7.0; rv:11.0) like Gecko','2019-05-30',16,NULL,NULL,'IE','Browser','11','Desktop','Win7','6.1'),(1601,'173.252.95.39','so-track.com.ua','Mozilla/5.0 (Windows NT 10.0; Win64; x64) AppleWebKit/537.36 (KHTML, like Gecko) Chrome/59.0.3071.115 Safari/537.36','2019-05-30',1,NULL,NULL,'Chrome','Browser','59','Desktop','Win10','10.0'),(1611,'85.238.97.154','tracking-rest-app.herokuapp.com','Mozilla/5.0 (Windows NT 6.1) AppleWebKit/537.36 (KHTML, like Gecko) Chrome/74.0.3729.169 Safari/537.36','2019-05-30',1,NULL,NULL,'Chrome','Browser','0','Desktop','Win7','6.1'),(1621,'178.213.144.26','tracking-rest-app.herokuapp.com','Mozilla/5.0 (Windows NT 6.3; Win64; x64) AppleWebKit/537.36 (KHTML, like Gecko) Chrome/74.0.3729.169 Safari/537.36','2019-05-30',6,NULL,NULL,'Chrome','Browser','0','Desktop','Win8.1','6.3'),(1631,'14.186.125.110','tracking-rest-app.herokuapp.com','StolesCalc/1.0.5 (iPhone; iOS 12.0; Scale/2.00)','2019-05-30',2,NULL,NULL,'Mobile Safari UIWebView','Browser','0','Mobile Phone','iOS','Unknown'),(1641,'14.186.125.110','tracking-rest-app.herokuapp.com','Mozilla/5.0 (iPhone; CPU iPhone OS 12_0 like Mac OS X) AppleWebKit/605.1.15 (KHTML, like Gecko) Mobile/16A366','2019-05-30',3,NULL,NULL,'Mobile Safari UIWebView','Browser','0','Mobile Phone','iOS','12.0'),(1651,'78.109.47.197','tracking-rest-app.herokuapp.com','Mozilla/5.0 (Windows NT 6.3; Win64; x64) AppleWebKit/537.36 (KHTML, like Gecko) Chrome/74.0.3729.169 Safari/537.36','2019-06-03',10,NULL,NULL,'Chrome','Browser','0','Desktop','Win8.1','6.3'),(1661,'144.209.107.43','tracking-rest-app.herokuapp.com','Mozilla/5.0 (Windows NT 10.0; Win64; x64) AppleWebKit/537.36 (KHTML, like Gecko) Chrome/58.0.3029.110 Safari/537.36 Edge/16.16299','2019-06-03',2,NULL,NULL,'Edge','Browser','16','Desktop','Win10','10.0'),(1671,'217.74.168.140','tracking-rest-app.herokuapp.com','Mozilla/5.0 (Windows NT 6.1; rv:67.0) Gecko/20100101 Firefox/67.0','2019-06-03',6,NULL,NULL,'Firefox','Browser','67','Desktop','Win7','6.1'),(1681,'83.246.137.100','tracking-rest-app.herokuapp.com','Mozilla/5.0 (Windows NT 10.0; Win64; x64) AppleWebKit/537.36 (KHTML, like Gecko) Chrome/64.0.3282.140 Safari/537.36 Edge/17.17134','2019-06-03',24,NULL,NULL,'Edge','Browser','17','Desktop','Win10','10.0'),(1691,'81.161.116.195','tracking-rest-app.herokuapp.com','Mozilla/5.0 (Windows NT 6.1; Win64; x64; rv:67.0) Gecko/20100101 Firefox/67.0','2019-06-03',2,NULL,NULL,'Firefox','Browser','67','Desktop','Win7','6.1'),(1701,'213.227.139.146','tracking-rest-app.herokuapp.com','Mozilla/5.0 (Windows NT 10.0; Win64; x64) AppleWebKit/537.36 (KHTML, like Gecko) Chrome/74.0.3729.169 Safari/537.36','2019-06-03',8,NULL,NULL,'Chrome','Browser','0','Desktop','Win10','10.0'),(1711,'34.241.13.91','tracking-rest-app.herokuapp.com','Mozilla/5.0 (Windows NT 6.1; Win64; x64) AppleWebKit/537.36 (KHTML, like Gecko) Chrome/74.0.3729.157 Safari/537.36','2019-06-05',4,NULL,NULL,'Chrome','Browser','0','Desktop','Win7','6.1'),(1721,'46.211.229.101','tracking-rest-app.herokuapp.com','Mozilla/5.0 (Linux; Android 8.1.0; INE-LX1) AppleWebKit/537.36 (KHTML, like Gecko) Chrome/74.0.3729.157 Mobile Safari/537.36','2019-06-05',2,NULL,NULL,'Chrome','Browser','0','Mobile Phone','Android','8.1'),(1731,'46.163.186.9','tracking-rest-app.herokuapp.com','Mozilla/5.0 (Windows NT 10.0; Win64; x64) AppleWebKit/537.36 (KHTML, like Gecko) Chrome/73.0.3683.103 Safari/537.36','2019-06-05',2,NULL,NULL,'Chrome','Browser','73','Desktop','Win10','10.0'),(1741,'195.138.84.163','tracking-rest-app.herokuapp.com','Mozilla/5.0 (Windows NT 10.0; Win64; x64) AppleWebKit/537.36 (KHTML, like Gecko) Chrome/74.0.3729.169 Safari/537.36','2019-06-05',9,NULL,NULL,'Chrome','Browser','0','Desktop','Win10','10.0'),(1751,'109.95.35.49','tracking-rest-app.herokuapp.com','Mozilla/5.0 (Windows NT 6.1; WOW64) AppleWebKit/537.36 (KHTML, like Gecko) Chrome/74.0.3729.169 Safari/537.36','2019-06-05',20,NULL,NULL,'Chrome','Browser','0','Desktop','Win7','6.1'),(1761,'174.227.136.233','tracking-rest-app.herokuapp.com','StolesCalc/1.0.5 (iPhone; iOS 12.1.2; Scale/2.00)','2019-06-05',1,NULL,NULL,'Mobile Safari UIWebView','Browser','0','Mobile Phone','iOS','Unknown'),(1771,'80.76.236.174','tracking-rest-app.herokuapp.com','Mozilla/5.0 (Windows NT 6.1; WOW64) AppleWebKit/537.36 (KHTML, like Gecko) Chrome/73.0.3683.103 YaBrowser/19.4.3.370 Yowser/2.5 Safari/537.36','2019-06-06',12,NULL,NULL,'Yandex Browser','Browser','0','Desktop','Win7','6.1'),(1781,'195.19.218.204','tracking-rest-app.herokuapp.com','Mozilla/5.0 (Windows NT 10.0; Win64; x64) AppleWebKit/537.36 (KHTML, like Gecko) Chrome/74.0.3729.169 Safari/537.36','2019-06-06',28,NULL,NULL,'Chrome','Browser','0','Desktop','Win10','10.0'),(1791,'5.128.185.12','tracking-rest-app.herokuapp.com','Mozilla/5.0 (Windows NT 6.1; Win64; x64) AppleWebKit/537.36 (KHTML, like Gecko) Chrome/74.0.3729.169 Safari/537.36','2019-06-06',2,NULL,NULL,'Chrome','Browser','0','Desktop','Win7','6.1'),(1801,'62.245.43.231','tracking-rest-app.herokuapp.com','Mozilla/5.0 (Windows NT 10.0; Win64; x64; rv:67.0) Gecko/20100101 Firefox/67.0','2019-06-06',2,NULL,NULL,'Firefox','Browser','67','Desktop','Win10','10.0'),(1811,'176.200.159.249','tracking-rest-app.herokuapp.com','Mozilla/5.0 (iPhone; CPU iPhone OS 12_3_1 like Mac OS X) AppleWebKit/605.1.15 (KHTML, like Gecko) Version/12.1.1 Mobile/15E148 Safari/604.1','2019-06-06',2,NULL,NULL,'Safari','Browser','0','Mobile Phone','iOS','Unknown'),(1821,'217.66.158.193','tracking-rest-app.herokuapp.com','Mozilla/5.0 (Linux; Android 8.1.0; CLT-L29 Build/HUAWEICLT-L29; wv) AppleWebKit/537.36 (KHTML, like Gecko) Version/4.0 Chrome/66.0.3359.126 Mobile Safari/537.36 YandexSearch/7.90 YandexSearchBrowser/7.90','2019-06-06',1,NULL,NULL,'Yandex Search','Application','0','Mobile Phone','Android','Unknown'),(1831,'203.59.132.79','tracking-rest-app.herokuapp.com','Mozilla/5.0 (iPhone; CPU iPhone OS 12_3_1 like Mac OS X) AppleWebKit/605.1.15 (KHTML, like Gecko) Mobile/15E148','2019-06-10',2,NULL,NULL,'Mobile Safari UIWebView','Browser','0','Mobile Phone','iOS','Unknown'),(1841,'203.59.132.79','tracking-rest-app.herokuapp.com','StolesCalc/1.0.5 (iPhone; iOS 12.3.1; Scale/2.00)','2019-06-10',3,NULL,NULL,'Mobile Safari UIWebView','Browser','0','Mobile Phone','iOS','Unknown'),(1851,'93.157.149.234','tracking-rest-app.herokuapp.com','Mozilla/5.0 (Windows NT 6.1; Win64; x64) AppleWebKit/537.36 (KHTML, like Gecko) Chrome/75.0.3770.80 Safari/537.36','2019-06-10',2,NULL,NULL,'Chrome','Browser','0','Desktop','Win7','6.1'),(1861,'31.172.138.97','tracking-rest-app.herokuapp.com','Mozilla/5.0 (Macintosh; Intel Mac OS X 10_14_5) AppleWebKit/537.36 (KHTML, like Gecko) Chrome/74.0.3729.169 Safari/537.36','2019-06-10',7,NULL,NULL,'Chrome','Browser','0','Desktop','macOS','10.14'),(1871,'46.211.25.21','tracking-rest-app.herokuapp.com','Dalvik/2.1.0 (Linux; U; Android 9; VKY-L29 Build/HUAWEIVKY-L29)','2019-06-10',16,NULL,NULL,'Dalvik','Application','2','Mobile Phone','Android','Unknown'),(1881,'149.126.169.130','tracking-rest-app.herokuapp.com','Mozilla/5.0 (Windows NT 10.0; Win64; x64) AppleWebKit/537.36 (KHTML, like Gecko) Chrome/74.0.3729.169 Safari/537.36','2019-06-10',2,NULL,NULL,'Chrome','Browser','0','Desktop','Win10','10.0'),(1891,'46.211.25.21','tracking-rest-app.herokuapp.com','Mozilla/5.0 (Linux; Android 9; VKY-L29) AppleWebKit/537.36 (KHTML, like Gecko) Chrome/72.0.3626.121 Mobile Safari/537.36','2019-06-10',2,NULL,NULL,'Chrome','Browser','72','Mobile Phone','Android','9.0'),(1901,'83.149.45.54','tracking-rest-app.herokuapp.com','Mozilla/5.0 (iPhone; CPU iPhone OS 12_2 like Mac OS X) AppleWebKit/605.1.15 (KHTML, like Gecko) Version/12.1 Mobile/15E148 Safari/604.1','2019-06-10',2,NULL,NULL,'Safari','Browser','0','Mobile Phone','iOS','Unknown'),(1911,'85.140.3.173','tracking-rest-app.herokuapp.com','Mozilla/5.0 (Linux; Android 8.0.0; STF-L09) AppleWebKit/537.36 (KHTML, like Gecko) Chrome/74.0.3729.157 Mobile Safari/537.36','2019-06-10',1,NULL,NULL,'Chrome','Browser','0','Mobile Phone','Android','8.0'),(1921,'85.140.3.173','tracking-rest-app.herokuapp.com','Dalvik/2.1.0 (Linux; U; Android 8.0.0; STF-L09 Build/HUAWEISTF-L09)','2019-06-10',2,NULL,NULL,'Dalvik','Application','2','Mobile Phone','Android','8.0'),(1931,'109.167.219.10','tracking-rest-app.herokuapp.com','Mozilla/5.0 (Windows NT 6.1; rv:67.0) Gecko/20100101 Firefox/67.0','2019-06-11',8,NULL,NULL,'Firefox','Browser','67','Desktop','Win7','6.1'),(1941,'91.209.59.30','tracking-rest-app.herokuapp.com','Mozilla/5.0 (Windows NT 6.1; Win64; x64) AppleWebKit/537.36 (KHTML, like Gecko) Chrome/75.0.3770.80 Safari/537.36','2019-06-11',13,NULL,NULL,'Chrome','Browser','0','Desktop','Win7','6.1'),(1951,'124.72.37.129','tracking-rest-app.herokuapp.com','Mozilla/5.0 (Windows NT 6.1; WOW64; rv:45.0) Gecko/20100101 Firefox/45.0','2019-06-11',1,NULL,NULL,'Firefox','Browser','45','Desktop','Win7','6.1'),(1961,'95.27.190.179','tracking-rest-app.herokuapp.com','Mozilla/5.0 (Windows NT 10.0; WOW64) AppleWebKit/537.36 (KHTML, like Gecko) Chrome/74.0.3729.169 Safari/537.36','2019-06-11',4,NULL,NULL,'Chrome','Browser','0','Desktop','Win10','10.0'),(1971,'93.91.116.24','tracking-rest-app.herokuapp.com','Mozilla/5.0 (Windows NT 6.1) AppleWebKit/537.36 (KHTML, like Gecko) Chrome/72.0.3626.121 YaBrowser/19.3.2.177 Yowser/2.5 Safari/537.36','2019-06-11',2,NULL,NULL,'Yandex Browser','Browser','0','Desktop','Win7','6.1'),(1981,'182.242.104.129','tracking-rest-app.herokuapp.com','Mozilla/5.0 (Windows NT 10.0; WOW64) AppleWebKit/537.36 (KHTML, like Gecko) Chrome/45.0.2454.101 Safari/537.36','2019-06-11',1,NULL,NULL,'Chrome','Browser','45','Desktop','Win10','10.0'),(1991,'91.206.222.114','tracking-rest-app.herokuapp.com','Mozilla/5.0 (Macintosh; Intel Mac OS X 10_14_5) AppleWebKit/537.36 (KHTML, like Gecko) Chrome/75.0.3770.90 Safari/537.36','2019-06-20',2,NULL,NULL,'Chrome','Browser','0','Desktop','macOS','10.14'),(2001,'195.19.218.204','tracking-rest-app.herokuapp.com','Mozilla/5.0 (Windows NT 10.0; Win64; x64) AppleWebKit/537.36 (KHTML, like Gecko) Chrome/75.0.3770.90 Safari/537.36','2019-06-20',4,NULL,NULL,'Chrome','Browser','0','Desktop','Win10','10.0'),(2011,'190.117.135.213','tracking-rest-app.herokuapp.com','Dalvik/2.1.0 (Linux; U; Android 7.0; EVA-L09 Build/HUAWEIEVA-L09)','2019-06-20',10,NULL,NULL,'Dalvik','Application','2','Mobile Phone','Android','7.0'),(2021,'46.211.26.30','tracking-rest-app.herokuapp.com','Dalvik/2.1.0 (Linux; U; Android 9; VKY-L29 Build/HUAWEIVKY-L29)','2019-06-20',1,NULL,NULL,'Dalvik','Application','2','Mobile Phone','Android','Unknown'),(2031,'37.73.190.160','tracking-rest-app.herokuapp.com','Dalvik/2.1.0 (Linux; U; Android 9; SM-A600FN Build/PPR1.180610.011)','2019-06-20',1,NULL,NULL,'Dalvik','Application','2','Mobile Phone','Android','Unknown'),(2041,'95.56.241.67','tracking-rest-app.herokuapp.com','Mozilla/5.0 (Windows NT 6.3; Win64; x64) AppleWebKit/537.36 (KHTML, like Gecko) Chrome/74.0.3729.169 Safari/537.36','2019-06-20',2,NULL,NULL,'Chrome','Browser','0','Desktop','Win8.1','6.3'),(2051,'45.10.32.3','tracking-rest-app.herokuapp.com','Mozilla/5.0 (Windows NT 6.1; WOW64) AppleWebKit/537.36 (KHTML, like Gecko) Chrome/75.0.3770.100 Safari/537.36','2019-06-22',1,NULL,NULL,'Chrome','Browser','0','Desktop','Win7','6.1'),(2061,'178.164.139.124','tracking-rest-app.herokuapp.com','StolesCalc/1.0.5 (iPhone; iOS 12.3.1; Scale/2.00)','2019-06-22',5,NULL,NULL,'Mobile Safari UIWebView','Browser','0','Mobile Phone','iOS','Unknown'),(2071,'175.176.65.191','tracking-rest-app.herokuapp.com','StolesCalc/1.0.5 (iPhone; iOS 12.3.1; Scale/3.00)','2019-06-22',2,NULL,NULL,'Mobile Safari UIWebView','Browser','0','Mobile Phone','iOS','Unknown'),(2081,'178.164.139.124','tracking-rest-app.herokuapp.com','Mozilla/5.0 (iPhone; CPU iPhone OS 12_3_1 like Mac OS X) AppleWebKit/605.1.15 (KHTML, like Gecko) Mobile/15E148','2019-06-22',16,NULL,NULL,'Mobile Safari UIWebView','Browser','0','Mobile Phone','iOS','Unknown'),(2091,'178.164.139.124','tracking-rest-app.herokuapp.com','Dalvik/2.1.0 (Linux; U; Android 6.0.1; MotoG3 Build/MPIS24.107-55-2-12)','2019-06-22',1,NULL,NULL,'Dalvik','Application','2','Mobile Phone','Android','6.0'),(2101,'178.164.139.124','tracking-rest-app.herokuapp.com','Mozilla/5.0 (Linux; Android 6.0.1; MotoG3) AppleWebKit/537.36 (KHTML, like Gecko) Chrome/75.0.3770.101 Mobile Safari/537.36','2019-06-22',6,NULL,NULL,'Chrome','Browser','0','Mobile Phone','Android','6.0'),(2111,'195.39.228.154','tracking-rest-app.herokuapp.com','Mozilla/5.0 (Windows NT 6.1) AppleWebKit/537.36 (KHTML, like Gecko) Chrome/49.0.2623.112 Safari/537.36','2019-06-24',2,NULL,NULL,'Chrome','Browser','49','Desktop','Win7','6.1'),(2121,'178.70.181.31','tracking-rest-app.herokuapp.com','Mozilla/5.0 (Windows NT 6.1) AppleWebKit/537.36 (KHTML, like Gecko) Chrome/73.0.3683.103 YaBrowser/19.4.2.702 Yowser/2.5 Safari/537.36','2019-06-24',2,NULL,NULL,'Yandex Browser','Browser','0','Desktop','Win7','6.1'),(2131,'46.211.114.78','tracking-rest-app.herokuapp.com','Mozilla/5.0 (Linux; Android 8.0.0; SM-G930F) AppleWebKit/537.36 (KHTML, like Gecko) Chrome/75.0.3770.101 Mobile Safari/537.36','2019-06-24',1,NULL,NULL,'Chrome','Browser','0','Mobile Phone','Android','8.0'),(2141,'95.181.47.98','tracking-rest-app.herokuapp.com','Mozilla/5.0 (Windows NT 10.0; Win64; x64) AppleWebKit/537.36 (KHTML, like Gecko) Chrome/75.0.3770.100 Safari/537.36','2019-06-24',2,NULL,NULL,'Chrome','Browser','0','Desktop','Win10','10.0'),(2151,'193.107.74.28','tracking-rest-app.herokuapp.com','Mozilla/5.0 (Windows NT 6.1; Win64; x64) AppleWebKit/537.36 (KHTML, like Gecko) Chrome/74.0.3729.169 Safari/537.36','2019-06-24',8,NULL,NULL,'Chrome','Browser','0','Desktop','Win7','6.1'),(2161,'49.35.113.248','tracking-rest-app.herokuapp.com','Dalvik/2.1.0 (Linux; U; Android 7.0; vivo 1714 Build/NRD90M)','2019-06-24',3,NULL,NULL,'Dalvik','Application','2','Mobile Phone','Android','7.0'),(2171,'81.29.118.73','tracking-rest-app.herokuapp.com','Mozilla/5.0 (Windows NT 5.1) AppleWebKit/537.36 (KHTML, like Gecko) Chrome/49.0.2623.112 Safari/537.36','2019-06-25',2,NULL,NULL,'Chrome','Browser','49','Desktop','WinXP','5.1'),(2181,'182.1.36.105','tracking-rest-app.herokuapp.com','Dalvik/2.1.0 (Linux; U; Android 8.1.0; RMX1811 Build/OPM1.171019.026)','2019-06-25',1,NULL,NULL,'Dalvik','Application','2','Mobile Phone','Android','8.1'),(2191,'204.44.111.4','tracking-rest-app.herokuapp.com','Mozilla/5.0 (Windows NT 6.1; WOW64; rv:67.0) Gecko/20100101 Firefox/67.0','2019-06-25',4,NULL,NULL,'Firefox','Browser','67','Desktop','Win7','6.1'),(2201,'175.176.67.145','tracking-rest-app.herokuapp.com','StolesCalc/1.0.5 (iPhone; iOS 12.3.1; Scale/3.00)','2019-06-25',4,NULL,NULL,'Mobile Safari UIWebView','Browser','0','Mobile Phone','iOS','Unknown'),(2211,'91.218.98.178','tracking-rest-app.herokuapp.com','Mozilla/5.0 (iPhone; CPU iPhone OS 12_2 like Mac OS X) AppleWebKit/605.1.15 (KHTML, like Gecko) CriOS/71.0.3578.89 Mobile/15E148 Safari/605.1','2019-06-25',2,NULL,NULL,'Chrome','Browser','71','Mobile Phone','iOS','Unknown'),(2221,'51.77.39.128','tracking-rest-app.herokuapp.com','Mozilla/5.0 (Windows NT 10.0; Win64; x64) AppleWebKit/537.36 (KHTML, like Gecko) Chrome/75.0.3770.100 Safari/537.36','2019-06-25',2,NULL,NULL,'Chrome','Browser','0','Desktop','Win10','10.0'),(2231,'175.176.67.145','tracking-rest-app.herokuapp.com','StolesCalc/1.0.5 (iPhone; iOS 12.3.1; Scale/3.00)','2019-06-26',1,NULL,NULL,'Mobile Safari UIWebView','Browser','0','Mobile Phone','iOS','Unknown'),(2241,'85.114.11.5','tracking-rest-app.herokuapp.com','Mozilla/5.0 (Windows NT 6.3; Win64; x64) AppleWebKit/537.36 (KHTML, like Gecko) Chrome/74.0.3729.169 Safari/537.36','2019-06-26',10,NULL,NULL,'Chrome','Browser','0','Desktop','Win8.1','6.3'),(2251,'188.163.1.83','tracking-rest-app.herokuapp.com','Mozilla/5.0 (Windows NT 10.0; Win64; x64) AppleWebKit/537.36 (KHTML, like Gecko) Chrome/75.0.3770.100 Safari/537.36','2019-06-26',8,NULL,NULL,'Chrome','Browser','0','Desktop','Win10','10.0'),(2261,'91.209.59.30','tracking-rest-app.herokuapp.com','Mozilla/5.0 (Windows NT 6.1; Win64; x64) AppleWebKit/537.36 (KHTML, like Gecko) Chrome/75.0.3770.100 Safari/537.36','2019-06-26',10,NULL,NULL,'Chrome','Browser','0','Desktop','Win7','6.1'),(2271,'213.87.130.138','tracking-rest-app.herokuapp.com','Mozilla/5.0 (Windows NT 6.3; Win64; x64; rv:68.0) Gecko/20100101 Firefox/68.0','2019-06-26',4,NULL,NULL,'Firefox','Browser','0','Desktop','Win8.1','6.3'),(2281,'83.220.227.91','tracking-rest-app.herokuapp.com','Mozilla/5.0 (Macintosh; Intel Mac OS X 10_12_6) AppleWebKit/605.1.15 (KHTML, like Gecko) Version/12.1.1 Safari/605.1.15','2019-06-26',1,NULL,NULL,'Safari','Browser','0','Desktop','macOS','10.12'),(2291,'46.211.27.87','tracking-rest-app.herokuapp.com','Dalvik/2.1.0 (Linux; U; Android 9; EML-L29 Build/HUAWEIEML-L29)','2019-06-27',1,NULL,NULL,'Dalvik','Application','2','Mobile Phone','Android','Unknown'),(2301,'80.83.234.48','tracking-rest-app.herokuapp.com','Mozilla/5.0 (Macintosh; Intel Mac OS X 10.13; rv:66.0) Gecko/20100101 Firefox/66.0','2019-06-27',2,NULL,NULL,'Firefox','Browser','66','Desktop','macOS','10.13'),(2311,'5.101.199.180','tracking-rest-app.herokuapp.com','Mozilla/5.0 (Windows NT 6.1; Win64; x64) AppleWebKit/537.36 (KHTML, like Gecko) Chrome/75.0.3770.100 Safari/537.36','2019-06-27',2,NULL,NULL,'Chrome','Browser','0','Desktop','Win7','6.1'),(2321,'192.109.140.181','tracking-rest-app.herokuapp.com','Mozilla/5.0 (Windows NT 10.0; WOW64; Trident/7.0; rv:11.0) like Gecko','2019-06-27',6,NULL,NULL,'IE','Browser','11','Desktop','Win10','10.0'),(2331,'85.15.116.243','tracking-rest-app.herokuapp.com','Mozilla/5.0 (Windows NT 6.1) AppleWebKit/537.36 (KHTML, like Gecko) Chrome/75.0.3770.100 Safari/537.36','2019-06-27',4,NULL,NULL,'Chrome','Browser','0','Desktop','Win7','6.1'),(2341,'213.7.222.40','tracking-rest-app.herokuapp.com','Mozilla/5.0 (Linux; Android 9; SAMSUNG SM-G950F Build/PPR1.180610.011) AppleWebKit/537.36 (KHTML, like Gecko) SamsungBrowser/9.2 Chrome/67.0.3396.87 Mobile Safari/537.36','2019-07-01',6,NULL,NULL,'Samsung Browser','Browser','0','Mobile Phone','Android','Unknown'),(2351,'84.42.23.3','tracking-rest-app.herokuapp.com','Mozilla/5.0 (Windows NT 10.0; Win64; x64) AppleWebKit/537.36 (KHTML, like Gecko) Chrome/75.0.3770.100 Safari/537.36','2019-07-01',8,NULL,NULL,'Chrome','Browser','0','Desktop','Win10','10.0'),(2361,'81.200.82.165','tracking-rest-app.herokuapp.com','Mozilla/5.0 (Windows NT 6.1; Win64; x64) AppleWebKit/537.36 (KHTML, like Gecko) Chrome/75.0.3770.100 Safari/537.36','2019-07-01',14,NULL,NULL,'Chrome','Browser','0','Desktop','Win7','6.1'),(2371,'153.208.248.78','tracking-rest-app.herokuapp.com','StolesCalc/1.0.5 (iPad; iOS 12.2; Scale/2.00)','2019-07-01',1,NULL,NULL,'Mobile Safari UIWebView','Browser','0','Tablet','iOS','Unknown'),(2381,'124.156.97.73','tracking-rest-app.herokuapp.com','Dalvik/2.1.0 (Linux; U; Android 9; SM-A920F Build/PPR1.180610.011)','2019-07-01',1,NULL,NULL,'Dalvik','Application','2','Mobile Phone','Android','Unknown'),(2391,'91.232.14.25','tracking-rest-app.herokuapp.com','Mozilla/5.0 (Windows NT 10.0; Win64; x64) AppleWebKit/537.36 (KHTML, like Gecko) Chrome/74.0.3729.169 Safari/537.36','2019-07-01',2,NULL,NULL,'Chrome','Browser','0','Desktop','Win10','10.0'),(2401,'107.77.231.136','tracking-rest-app.herokuapp.com','StolesCalc/1.0.5 (iPhone; iOS 12.3.1; Scale/3.00)','2019-07-01',2,NULL,NULL,'Mobile Safari UIWebView','Browser','0','Mobile Phone','iOS','Unknown'),(2411,'95.161.222.196','tracking-rest-app.herokuapp.com','Mozilla/5.0 (Windows NT 5.1; rv:53.0) Gecko/20100101 Firefox/53.0','2019-07-02',2,NULL,NULL,'Firefox','Browser','0','Desktop','WinXP','5.1'),(2421,'190.63.150.172','tracking-rest-app.herokuapp.com','Dalvik/2.1.0 (Linux; U; Android 9; CLT-AL00 Build/HUAWEICLT-AL00)','2019-07-01',2,NULL,NULL,'Dalvik','Application','2','Mobile Phone','Android','Unknown'),(2431,'185.147.83.192','tracking-rest-app.herokuapp.com','Mozilla/5.0 (Windows NT 10.0; Win64; x64) AppleWebKit/537.36 (KHTML, like Gecko) Chrome/75.0.3770.100 Safari/537.36','2019-07-02',2,NULL,NULL,'Chrome','Browser','0','Desktop','Win10','10.0'),(2441,'93.72.99.101','tracking-rest-app.herokuapp.com','Mozilla/5.0 (Linux; Android 6.0.1; SM-A500H) AppleWebKit/537.36 (KHTML, like Gecko) Chrome/75.0.3770.101 Mobile Safari/537.36','2019-07-02',2,NULL,NULL,'Chrome','Browser','0','Mobile Phone','Android','6.0'),(2451,'185.144.136.128','tracking-rest-app.herokuapp.com','Mozilla/5.0 (Windows NT 10.0; Win64; x64) AppleWebKit/537.36 (KHTML, like Gecko) Chrome/64.0.3282.140 Safari/537.36 Edge/17.17134','2019-07-02',2,NULL,NULL,'Edge','Browser','17','Desktop','Win10','10.0'),(2461,'195.138.81.198','tracking-rest-app.herokuapp.com','Mozilla/5.0 (Windows NT 6.1; WOW64) AppleWebKit/537.36 (KHTML, like Gecko) Chrome/75.0.3770.100 Safari/537.36','2019-07-02',1,NULL,NULL,'Chrome','Browser','0','Desktop','Win7','6.1'),(2471,'172.58.231.148','tracking-rest-app.herokuapp.com','StolesCalc/1.0.5 (iPhone; iOS 12.3.1; Scale/3.00)','2019-07-02',1,NULL,NULL,'Mobile Safari UIWebView','Browser','0','Mobile Phone','iOS','Unknown'),(2481,'221.185.84.209','tracking-rest-app.herokuapp.com','Dalvik/2.1.0 (Linux; U; Android 9; SO-01K Build/47.2.B.3.0)','2019-07-02',1,NULL,NULL,'Dalvik','Application','2','Mobile Phone','Android','Unknown'),(2491,'188.163.82.217','tracking-rest-app.herokuapp.com','Mozilla/5.0 (Windows NT 6.1; Win64; x64) AppleWebKit/537.36 (KHTML, like Gecko) Chrome/75.0.3770.100 Safari/537.36','2019-07-02',2,NULL,NULL,'Chrome','Browser','0','Desktop','Win7','6.1'),(2501,'109.252.62.39','tracking-rest-app.herokuapp.com','Mozilla/5.0 (Windows NT 6.1; rv:67.0) Gecko/20100101 Firefox/67.0','2019-07-02',2,NULL,NULL,'Firefox','Browser','67','Desktop','Win7','6.1'),(2511,'124.156.97.73','tracking-rest-app.herokuapp.com','Dalvik/2.1.0 (Linux; U; Android 9; SM-A920F Build/PPR1.180610.011)','2019-07-05',6,NULL,NULL,'Dalvik','Application','2','Mobile Phone','Android','Unknown'),(2521,'185.155.88.15','tracking-rest-app.herokuapp.com','Mozilla/5.0 (iPhone; CPU iPhone OS 12_3_1 like Mac OS X) AppleWebKit/605.1.15 (KHTML, like Gecko) Version/12.1.1 Mobile/15E148 Safari/604.1','2019-07-05',1,NULL,NULL,'Safari','Browser','0','Mobile Phone','iOS','Unknown'),(2531,'10.104.36.159, 193.19.168.163','tracking-rest-app.herokuapp.com','Mozilla/5.0 (Windows NT 6.1; WOW64; rv:60.0) Gecko/20100101 Firefox/60.0','2019-07-05',8,NULL,NULL,'Firefox','Browser','60','Desktop','Win7','6.1'),(2541,'178.124.194.42','tracking-rest-app.herokuapp.com','Mozilla/5.0 (Windows NT 6.1; Win64; x64) AppleWebKit/537.36 (KHTML, like Gecko) Chrome/73.0.3683.103 Safari/537.36 OPR/60.0.3255.170','2019-07-05',2,NULL,NULL,'Opera','Browser','60','Desktop','Win7','6.1'),(2551,'91.211.122.189','tracking-rest-app.herokuapp.com','Mozilla/5.0 (Windows NT 10.0; rv:67.0) Gecko/20100101 Firefox/67.0','2019-07-05',8,NULL,NULL,'Firefox','Browser','67','Desktop','Win10','10.0'),(2561,'37.52.170.92','tracking-rest-app.herokuapp.com','Mozilla/5.0 (Windows NT 10.0; Win64; x64) AppleWebKit/537.36 (KHTML, like Gecko) Chrome/75.0.3770.100 Safari/537.36','2019-07-05',12,NULL,NULL,'Chrome','Browser','0','Desktop','Win10','10.0'),(2571,'78.85.18.124','tracking-rest-app.herokuapp.com','Mozilla/5.0 (Windows NT 6.1; WOW64; rv:67.0) Gecko/20100101 Firefox/67.0','2019-07-08',2,NULL,NULL,'Firefox','Browser','67','Desktop','Win7','6.1'),(2581,'91.205.216.148','tracking-rest-app.herokuapp.com','Mozilla/5.0 (Windows NT 6.3; Win64; x64) AppleWebKit/537.36 (KHTML, like Gecko) Chrome/75.0.3770.100 Safari/537.36','2019-07-08',2,NULL,NULL,'Chrome','Browser','0','Desktop','Win8.1','6.3'),(2591,'103.194.145.42','tracking-rest-app.herokuapp.com','Mozilla/5.0 (Macintosh; Intel Mac OS X 10_10_5) AppleWebKit/537.36 (KHTML, like Gecko) Chrome/74.0.3729.169 Safari/537.36','2019-07-08',1,NULL,NULL,'Chrome','Browser','0','Desktop','MacOSX','10.10'),(2601,'200.29.233.150','tracking-rest-app.herokuapp.com','Dalvik/2.1.0 (Linux; U; Android 5.1.1; SM-J111M Build/LMY47V)','2019-07-08',1,NULL,NULL,'Dalvik','Application','2','Mobile Phone','Android','5.1'),(2611,'178.124.194.42','tracking-rest-app.herokuapp.com','Mozilla/5.0 (Windows NT 6.1; Win64; x64) AppleWebKit/537.36 (KHTML, like Gecko) Chrome/73.0.3683.103 Safari/537.36 OPR/60.0.3255.170','2019-07-08',2,NULL,NULL,'Opera','Browser','60','Desktop','Win7','6.1'),(2621,'84.52.126.173','tracking-rest-app.herokuapp.com','Mozilla/5.0 (Windows NT 6.1; WOW64) AppleWebKit/537.36 (KHTML, like Gecko) Chrome/74.0.3729.169 YaBrowser/19.6.1.153 Yowser/2.5 Safari/537.36','2019-07-08',2,NULL,NULL,'Yandex Browser','Browser','0','Desktop','Win7','6.1'),(2631,'46.211.27.124','tracking-rest-app.herokuapp.com','Dalvik/2.1.0 (Linux; U; Android 9; VKY-L29 Build/HUAWEIVKY-L29)','2019-07-09',2,NULL,NULL,'Dalvik','Application','2','Mobile Phone','Android','Unknown'),(2641,'94.232.31.134','tracking-rest-app.herokuapp.com','Mozilla/5.0 (Windows NT 6.1; WOW64; Trident/7.0; rv:11.0) like Gecko','2019-07-09',10,NULL,NULL,'IE','Browser','11','Desktop','Win7','6.1'),(2651,'151.37.194.192','tracking-rest-app.herokuapp.com','Dalvik/2.1.0 (Linux; U; Android 8.1.0; Nexus 5X Build/OPM7.181205.001)','2019-07-09',4,NULL,NULL,'Dalvik','Application','2','Mobile Phone','Android','8.1'),(2661,'36.85.39.160','tracking-rest-app.herokuapp.com','Dalvik/2.1.0 (Linux; U; Android 9; CPH1923 Build/PPR1.180610.011)','2019-07-09',4,NULL,NULL,'Dalvik','Application','2','Mobile Phone','Android','Unknown'),(2671,'91.209.59.30','tracking-rest-app.herokuapp.com','Mozilla/5.0 (Windows NT 6.1; Win64; x64) AppleWebKit/537.36 (KHTML, like Gecko) Chrome/75.0.3770.100 Safari/537.36','2019-07-09',6,NULL,NULL,'Chrome','Browser','0','Desktop','Win7','6.1'),(2681,'178.141.81.123','tracking-rest-app.herokuapp.com','Mozilla/5.0 (Windows NT 10.0; WOW64) AppleWebKit/537.36 (KHTML, like Gecko) Chrome/74.0.3729.169 YaBrowser/19.6.1.153 Yowser/2.5 Safari/537.36','2019-07-09',2,NULL,NULL,'Yandex Browser','Browser','0','Desktop','Win10','10.0'),(2691,'157.230.243.97','tracking-rest-app.herokuapp.com','Mozilla/5.0 (Windows NT 10.0; Win64; x64) AppleWebKit/537.36 (KHTML, like Gecko) Chrome/76.0.3809.46 Safari/537.36 Edg/76.0.182.13','2019-07-09',2,NULL,NULL,'Chrome','Browser','0','Desktop','Win10','10.0'),(2701,'188.170.194.34','tracking-rest-app.herokuapp.com','Dalvik/2.1.0 (Linux; U; Android 8.1.0; TA-1053 Build/OPR1.170623.026)','2019-07-09',2,NULL,NULL,'Dalvik','Application','2','Mobile Phone','Android','8.1'),(2711,'62.182.95.66','tracking-rest-app.herokuapp.com','Mozilla/5.0 (Windows NT 10.0; Win64; x64) AppleWebKit/537.36 (KHTML, like Gecko) Chrome/75.0.3770.100 Safari/537.36','2019-07-09',16,NULL,NULL,'Chrome','Browser','0','Desktop','Win10','10.0'),(2721,'83.169.216.254','tracking-rest-app.herokuapp.com','Mozilla/5.0 (iPhone; CPU iPhone OS 12_3_2 like Mac OS X) AppleWebKit/605.1.15 (KHTML, like Gecko) Version/12.1.1 Mobile/15E148 Safari/604.1','2019-07-09',2,NULL,NULL,'Safari','Browser','0','Mobile Phone','iOS','Unknown'),(2731,'176.101.3.245','tracking-rest-app.herokuapp.com','Mozilla/5.0 (X11; Linux x86_64) AppleWebKit/537.36 (KHTML, like Gecko) Chrome/73.0.3683.103 YaBrowser/19.4.2.698 (beta) Yowser/2.5 Safari/537.36','2019-07-09',1,NULL,NULL,'Yandex Browser','Browser','0','Desktop','Linux','Unknown'),(2741,'94.25.228.78','tracking-rest-app.herokuapp.com','Mozilla/5.0 (Windows NT 10.0; WOW64) AppleWebKit/537.36 (KHTML, like Gecko) Chrome/55.0.2883.95 YaBrowser/17.1.0.2034 Safari/537.36','2019-07-10',8,NULL,NULL,'Yandex Browser','Browser','17','Desktop','Win10','10.0'),(2751,'217.20.182.37','tracking-rest-app.herokuapp.com','Mozilla/5.0 (Windows NT 6.1; Win64; x64; rv:67.0) Gecko/20100101 Firefox/67.0','2019-07-10',1,NULL,NULL,'Firefox','Browser','67','Desktop','Win7','6.1'),(2761,'46.219.225.144','tracking-rest-app.herokuapp.com','Mozilla/5.0 (Windows NT 5.1) AppleWebKit/537.36 (KHTML, like Gecko) Chrome/49.0.2623.112 Safari/537.36 OPR/36.0.2130.80','2019-07-10',2,NULL,NULL,'Opera','Browser','36','Desktop','WinXP','5.1'),(2771,'95.79.43.251','tracking-rest-app.herokuapp.com','Mozilla/5.0 (Windows NT 6.1; rv:67.0) Gecko/20100101 Firefox/67.0','2019-07-10',2,NULL,NULL,'Firefox','Browser','67','Desktop','Win7','6.1'),(2781,'82.138.10.186','tracking-rest-app.herokuapp.com','Mozilla/5.0 (Windows NT 6.1) AppleWebKit/537.36 (KHTML, like Gecko) Chrome/75.0.3770.100 Safari/537.36','2019-07-10',2,NULL,NULL,'Chrome','Browser','0','Desktop','Win7','6.1'),(2791,'109.226.21.162','tracking-rest-app.herokuapp.com','StolesCalc/1.0.5 (iPhone; iOS 12.1.2; Scale/2.00)','2019-07-10',1,NULL,NULL,'Mobile Safari UIWebView','Browser','0','Mobile Phone','iOS','Unknown'),(2801,'188.190.223.28','tracking-rest-app.herokuapp.com','Mozilla/5.0 (Windows NT 6.3; Win64; x64) AppleWebKit/537.36 (KHTML, like Gecko) Chrome/73.0.3683.103 Safari/537.36 OPR/60.0.3255.170','2019-07-11',2,NULL,NULL,'Opera','Browser','60','Desktop','Win8.1','6.3'),(2811,'188.190.221.94','tracking-rest-app.herokuapp.com','Mozilla/5.0 (Linux; Android 6.0; Redmi Note 4X) AppleWebKit/537.36 (KHTML, like Gecko) Chrome/75.0.3770.101 Mobile Safari/537.36','2019-07-11',1,NULL,NULL,'Chrome','Browser','0','Mobile Phone','Android','6.0'),(2821,'92.39.220.165','tracking-rest-app.herokuapp.com','Mozilla/5.0 (Windows NT 10.0; Win64; x64) AppleWebKit/537.36 (KHTML, like Gecko) Chrome/75.0.3770.100 Safari/537.36','2019-07-11',6,NULL,NULL,'Chrome','Browser','0','Desktop','Win10','10.0'),(2831,'212.44.139.42','tracking-rest-app.herokuapp.com','Mozilla/5.0 (Windows NT 6.1; rv:67.0) Gecko/20100101 Firefox/67.0','2019-07-11',2,NULL,NULL,'Firefox','Browser','67','Desktop','Win7','6.1'),(2841,'85.238.103.29','tracking-rest-app.herokuapp.com','Mozilla/5.0 (Windows NT 6.1; WOW64) AppleWebKit/537.36 (KHTML, like Gecko) Chrome/75.0.3770.80 Safari/537.36 Avast/75.0.1447.80','2019-07-11',6,NULL,NULL,'Chrome','Browser','0','Desktop','Win7','6.1'),(2851,'188.186.180.56','tracking-rest-app.herokuapp.com','Mozilla/5.0 (Windows NT 10.0; Win64; x64) AppleWebKit/537.36 (KHTML, like Gecko) Chrome/74.0.3729.169 Safari/537.36','2019-07-11',2,NULL,NULL,'Chrome','Browser','0','Desktop','Win10','10.0'),(2861,'109.252.14.147','tracking-rest-app.herokuapp.com','Mozilla/5.0 (Windows NT 10.0; Win64; x64) AppleWebKit/537.36 (KHTML, like Gecko) Chrome/64.0.3282.140 Safari/537.36 Edge/17.17134','2019-07-12',2,NULL,NULL,'Edge','Browser','17','Desktop','Win10','10.0'),(2871,'195.68.145.134, 165.225.66.59','tracking-rest-app.herokuapp.com','Mozilla/5.0 (Windows NT 10.0; Win64; x64) AppleWebKit/537.36 (KHTML, like Gecko) Chrome/75.0.3770.100 Safari/537.36','2019-07-12',6,NULL,NULL,'Chrome','Browser','0','Desktop','Win10','10.0'),(2881,'201.150.176.31','tracking-rest-app.herokuapp.com','Dalvik/2.1.0 (Linux; U; Android 8.0.0; SM-G935F Build/R16NW)','2019-07-12',3,NULL,NULL,'Dalvik','Application','2','Mobile Phone','Android','8.0'),(2891,'109.172.54.87','tracking-rest-app.herokuapp.com','Mozilla/5.0 (Windows NT 10.0; Win64; x64) AppleWebKit/537.36 (KHTML, like Gecko) Chrome/73.0.3683.103 Safari/537.36 OPR/60.0.3255.170','2019-07-12',4,NULL,NULL,'Opera','Browser','60','Desktop','Win10','10.0'),(2901,'213.231.52.93','tracking-rest-app.herokuapp.com','Mozilla/5.0 (Macintosh; Intel Mac OS X 10_14_5) AppleWebKit/537.36 (KHTML, like Gecko) Chrome/75.0.3770.100 Safari/537.36','2019-07-12',2,NULL,NULL,'Chrome','Browser','0','Desktop','macOS','10.14'),(2911,'146.0.237.74','tracking-rest-app.herokuapp.com','Mozilla/5.0 (Windows NT 6.3; Win64; x64) AppleWebKit/537.36 (KHTML, like Gecko) Chrome/75.0.3770.100 Safari/537.36','2019-07-12',4,NULL,NULL,'Chrome','Browser','0','Desktop','Win8.1','6.3'),(2921,'195.138.68.200','tracking-rest-app.herokuapp.com','Dalvik/2.1.0 (Linux; U; Android 9; Mi A2 Lite Build/PKQ1.180917.001)','2019-07-13',7,NULL,NULL,'Dalvik','Application','2','Mobile Phone','Android','Unknown'),(2931,'116.47.221.186','tracking-rest-app.herokuapp.com','Dalvik/2.1.0 (Linux; U; Android 9; SM-N950N Build/PPR1.180610.011)','2019-07-13',1,NULL,NULL,'Dalvik','Application','2','Mobile Phone','Android','Unknown'),(2941,'146.160.47.24','tracking-rest-app.herokuapp.com','Dalvik/2.1.0 (Linux; U; Android 9; FIG-LA1 Build/HUAWEIFIG-LA1)','2019-07-13',2,NULL,NULL,'Dalvik','Application','2','Mobile Phone','Android','Unknown'),(2951,'46.211.230.249','tracking-rest-app.herokuapp.com','Mozilla/5.0 (Windows NT 10.0; Win64; x64) AppleWebKit/537.36 (KHTML, like Gecko) Chrome/75.0.3770.100 Safari/537.36','2019-07-13',2,NULL,NULL,'Chrome','Browser','0','Desktop','Win10','10.0'),(2961,'91.188.158.31','tracking-rest-app.herokuapp.com','Mozilla/5.0 (Windows NT 6.1) AppleWebKit/537.36 (KHTML, like Gecko) Chrome/74.0.3729.169 YaBrowser/19.6.2.599 Yowser/2.5 Safari/537.36','2019-07-13',6,NULL,NULL,'Yandex Browser','Browser','0','Desktop','Win7','6.1'),(2971,'46.211.5.130','tracking-rest-app.herokuapp.com','Dalvik/2.1.0 (Linux; U; Android 9; VKY-L29 Build/HUAWEIVKY-L29)','2019-07-13',1,NULL,NULL,'Dalvik','Application','2','Mobile Phone','Android','Unknown'),(2981,'91.185.46.94','tracking-rest-app.herokuapp.com','Mozilla/5.0 (Windows NT 10.0; WOW64) AppleWebKit/537.36 (KHTML, like Gecko) Chrome/74.0.3729.169 YaBrowser/19.6.2.599 Yowser/2.5 Safari/537.36','2019-07-17',1,NULL,NULL,'Yandex Browser','Browser','0','Desktop','Win10','10.0'),(2991,'178.127.212.9','tracking-rest-app.herokuapp.com','Mozilla/5.0 (Windows NT 10.0; Win64; x64) AppleWebKit/537.36 (KHTML, like Gecko) Chrome/75.0.3770.100 Safari/537.36 OPR/62.0.3331.43','2019-07-16',2,NULL,NULL,'Opera','Browser','0','Desktop','Win10','10.0'),(3001,'81.211.4.70','tracking-rest-app.herokuapp.com','Mozilla/5.0 (Windows NT 10.0; Win64; x64) AppleWebKit/537.36 (KHTML, like Gecko) Chrome/75.0.3770.100 Safari/537.36','2019-07-16',10,NULL,NULL,'Chrome','Browser','0','Desktop','Win10','10.0'),(3011,'95.128.240.126','tracking-rest-app.herokuapp.com','Mozilla/5.0 (Windows NT 10.0; WOW64) AppleWebKit/537.36 (KHTML, like Gecko) Chrome/74.0.3729.169 YaBrowser/19.6.3.185 Yowser/2.5 Safari/537.36','2019-07-16',4,NULL,NULL,'Yandex Browser','Browser','0','Desktop','Win10','10.0'),(3021,'91.90.11.85','tracking-rest-app.herokuapp.com','Mozilla/5.0 (Linux; U; Android 7.1.1; ru-ru; MI MAX 2 Build/NMF26F) AppleWebKit/537.36 (KHTML, like Gecko) Version/4.0 Chrome/61.0.3163.128 Mobile Safari/537.36 XiaoMi/MiuiBrowser/10.8.3-g','2019-07-16',2,NULL,NULL,'Miui Browser','Browser','0','Mobile Phone','Android','7.1'),(3031,'94.51.41.93','tracking-rest-app.herokuapp.com','Mozilla/5.0 (Windows NT 6.1; WOW64) AppleWebKit/537.36 (KHTML, like Gecko) Chrome/74.0.3729.169 YaBrowser/19.6.2.599 Yowser/2.5 Safari/537.36','2019-07-16',8,NULL,NULL,'Yandex Browser','Browser','0','Desktop','Win7','6.1'),(3041,'195.19.218.204','tracking-rest-app.herokuapp.com','Mozilla/5.0 (Windows NT 10.0; Win64; x64) AppleWebKit/537.36 (KHTML, like Gecko) Chrome/75.0.3770.100 Safari/537.36','2019-07-17',6,NULL,NULL,'Chrome','Browser','0','Desktop','Win10','10.0'),(3051,'68.115.68.166','tracking-rest-app.herokuapp.com','StolesCalc/1.0.5 (iPhone; iOS 12.1.4; Scale/3.00)','2019-07-17',2,NULL,NULL,'Mobile Safari UIWebView','Browser','0','Mobile Phone','iOS','Unknown'),(3061,'195.49.149.117','tracking-rest-app.herokuapp.com','Mozilla/5.0 (Windows NT 10.0; Win64; x64) AppleWebKit/537.36 (KHTML, like Gecko) Chrome/75.0.3770.142 Safari/537.36','2019-07-17',4,NULL,NULL,'Chrome','Browser','0','Desktop','Win10','10.0'),(3071,'82.162.61.224','tracking-rest-app.herokuapp.com','Mozilla/5.0 (Windows NT 10.0; WOW64) AppleWebKit/537.36 (KHTML, like Gecko) Chrome/74.0.3729.169 YaBrowser/19.6.2.599 Yowser/2.5 Safari/537.36','2019-07-18',1,NULL,NULL,'Yandex Browser','Browser','0','Desktop','Win10','10.0'),(3081,'193.108.249.153','tracking-rest-app.herokuapp.com','Mozilla/5.0 (Windows NT 6.1; rv:67.0) Gecko/20100101 Firefox/67.0','2019-07-17',2,NULL,NULL,'Firefox','Browser','67','Desktop','Win7','6.1'),(3091,'94.158.149.72','tracking-rest-app.herokuapp.com','Dalvik/2.1.0 (Linux; U; Android 8.0.0; BND-L21 Build/HONORBND-L21)','2019-07-17',2,NULL,NULL,'Dalvik','Application','2','Mobile Phone','Android','8.0'),(3101,'185.116.202.5','tracking-rest-app.herokuapp.com','Mozilla/5.0 (Windows NT 6.1; Win64; x64) AppleWebKit/537.36 (KHTML, like Gecko) Chrome/61.0.3163.100 Safari/537.36','2019-07-18',4,NULL,NULL,'Chrome','Browser','61','Desktop','Win7','6.1'),(3111,'37.147.77.45','tracking-rest-app.herokuapp.com','Mozilla/5.0 (iPhone; CPU iPhone OS 12_2 like Mac OS X) AppleWebKit/605.1.15 (KHTML, like Gecko) Version/12.1 Mobile/15E148 Safari/604.1','2019-07-18',2,NULL,NULL,'Safari','Browser','0','Mobile Phone','iOS','Unknown'),(3121,'91.211.207.115','tracking-rest-app.herokuapp.com','Mozilla/5.0 (Windows NT 6.1; Win64; x64) AppleWebKit/537.36 (KHTML, like Gecko) Chrome/75.0.3770.142 Safari/537.36','2019-07-18',2,NULL,NULL,'Chrome','Browser','0','Desktop','Win7','6.1'),(3131,'93.170.190.79','tracking-rest-app.herokuapp.com','Mozilla/5.0 (Windows NT 10.0; Win64; x64) AppleWebKit/537.36 (KHTML, like Gecko) Chrome/75.0.3770.100 Safari/537.36','2019-07-18',4,NULL,NULL,'Chrome','Browser','0','Desktop','Win10','10.0'),(3141,'82.200.65.122','tracking-rest-app.herokuapp.com','Mozilla/5.0 (Windows NT 6.1; WOW64; rv:60.0) Gecko/20100101 Firefox/60.0','2019-07-18',2,NULL,NULL,'Firefox','Browser','60','Desktop','Win7','6.1'),(3151,'178.155.4.203','tracking-rest-app.herokuapp.com','Mozilla/5.0 (Windows NT 6.1; WOW64; Trident/7.0; rv:11.0) like Gecko','2019-07-18',1,NULL,NULL,'IE','Browser','11','Desktop','Win7','6.1'),(3161,'95.158.49.161','tracking-rest-app.herokuapp.com','Mozilla/5.0 (Windows NT 6.2; Win64; x64) AppleWebKit/537.36 (KHTML, like Gecko) Chrome/72.0.3626.109 Safari/537.36','2019-07-23',2,NULL,NULL,'Chrome','Browser','72','Desktop','Win8','6.2'),(3171,'182.1.182.133','tracking-rest-app.herokuapp.com','Dalvik/2.1.0 (Linux; U; Android 8.1.0; ASUS_X00ID Build/OPM1.171019.011)','2019-07-24',1,NULL,NULL,'Dalvik','Application','2','Mobile Phone','Android','8.1'),(3181,'85.95.145.230','tracking-rest-app.herokuapp.com','Mozilla/5.0 (Windows NT 10.0; Win64; x64; rv:68.0) Gecko/20100101 Firefox/68.0','2019-07-24',2,NULL,NULL,'Firefox','Browser','0','Desktop','Win10','10.0'),(3191,'31.173.83.111','tracking-rest-app.herokuapp.com','Mozilla/5.0 (Linux; Android 9; LYA-L29 Build/HUAWEILYA-L29; wv) AppleWebKit/537.36 (KHTML, like Gecko) Version/4.0 Chrome/75.0.3770.143 Mobile Safari/537.36 YandexSearch/8.60 YandexSearchBrowser/8.60','2019-07-23',2,NULL,NULL,'Yandex Search','Application','0','Mobile Phone','Android','Unknown'),(3201,'91.216.49.6','tracking-rest-app.herokuapp.com','Mozilla/5.0 (Windows NT 6.1; WOW64) AppleWebKit/537.36 (KHTML, like Gecko) Chrome/75.0.3770.100 Safari/537.36 OPR/62.0.3331.72','2019-07-24',2,NULL,NULL,'Opera','Browser','0','Desktop','Win7','6.1'),(3211,'185.7.235.18','tracking-rest-app.herokuapp.com','Mozilla/5.0 (Windows NT 10.0; Win64; x64) AppleWebKit/537.36 (KHTML, like Gecko) Chrome/75.0.3770.142 Safari/537.36','2019-07-23',2,NULL,NULL,'Chrome','Browser','0','Desktop','Win10','10.0'),(3221,'171.253.137.49','tracking-rest-app.herokuapp.com','Dalvik/2.1.0 (Linux; U; Android 7.0; SM-G950F Build/NRD90M)','2019-07-25',11,NULL,NULL,'Dalvik','Application','2','Mobile Phone','Android','7.0'),(3231,'195.9.115.74','tracking-rest-app.herokuapp.com','Mozilla/5.0 (Windows NT 10.0; WOW64) AppleWebKit/537.36 (KHTML, like Gecko) Chrome/74.0.3729.169 YaBrowser/19.6.2.599 Yowser/2.5 Safari/537.36','2019-07-24',2,NULL,NULL,'Yandex Browser','Browser','0','Desktop','Win10','10.0'),(3241,'171.253.18.87','tracking-rest-app.herokuapp.com','StolesCalc/1.0.5 (iPhone; iOS 12.3.1; Scale/3.00)','2019-07-25',1,NULL,NULL,'Mobile Safari UIWebView','Browser','0','Mobile Phone','iOS','Unknown'),(3251,'109.126.5.107','tracking-rest-app.herokuapp.com','Mozilla/5.0 (Linux; Android 8.0.0; G8232) AppleWebKit/537.36 (KHTML, like Gecko) Chrome/75.0.3770.143 Mobile Safari/537.36','2019-07-24',2,NULL,NULL,'Chrome','Browser','0','Mobile Phone','Android','8.0'),(3261,'171.253.182.141','tracking-rest-app.herokuapp.com','Dalvik/2.1.0 (Linux; U; Android 9; SM-N950N Build/PPR1.180610.011)','2019-07-24',2,NULL,NULL,'Dalvik','Application','2','Mobile Phone','Android','Unknown'),(3271,'115.79.26.14','tracking-rest-app.herokuapp.com','Dalvik/2.1.0 (Linux; U; Android 8.1.0; SM-J410F Build/M1AJB)','2019-07-25',2,NULL,NULL,'Dalvik','Application','2','Mobile Phone','Android','8.1'),(3281,'87.103.252.190','tracking-rest-app.herokuapp.com','Mozilla/5.0 (Windows NT 10.0; Win64; x64; rv:68.0) Gecko/20100101 Firefox/68.0','2019-07-26',2,NULL,NULL,'Firefox','Browser','0','Desktop','Win10','10.0'),(3291,'92.249.211.22','tracking-rest-app.herokuapp.com','StolesCalc/1.0.5 (iPad; iOS 12.3.1; Scale/2.00)','2019-07-25',1,NULL,NULL,'Mobile Safari UIWebView','Browser','0','Tablet','iOS','Unknown'),(3301,'223.182.186.179','tracking-rest-app.herokuapp.com','Dalvik/2.1.0 (Linux; U; Android 9; Redmi Note 7 Pro MIUI/V10.3.12.0.PFHINXM)','2019-07-26',3,NULL,NULL,'Miui Browser','Browser','0','Mobile Phone','Miui OS','Unknown'),(3311,'85.238.108.110','tracking-rest-app.herokuapp.com','Dalvik/2.1.0 (Linux; U; Android 9; Redmi Note 7 MIUI/V10.3.4.0.PFGEUXM)','2019-07-25',2,NULL,NULL,'Miui Browser','Browser','0','Mobile Phone','Miui OS','Unknown'),(3321,'185.148.214.193','tracking-rest-app.herokuapp.com','Mozilla/5.0 (Windows NT 10.0; Win64; x64) AppleWebKit/537.36 (KHTML, like Gecko) Chrome/75.0.3770.142 Safari/537.36','2019-07-25',8,NULL,NULL,'Chrome','Browser','0','Desktop','Win10','10.0'),(3331,'217.160.15.98','tracking-rest-app.herokuapp.com','Mozilla/5.0 (Windows NT 6.1; Win64; x64) AppleWebKit/537.36 (KHTML, like Gecko) Chrome/75.0.3770.142 Safari/537.36','2019-07-25',2,NULL,NULL,'Chrome','Browser','0','Desktop','Win7','6.1'),(3341,'85.238.108.110','tracking-rest-app.herokuapp.com','Dalvik/2.1.0 (Linux; U; Android 9; Redmi Note 7 MIUI/V10.3.4.0.PFGEUXM)','2019-07-26',1,NULL,NULL,'Miui Browser','Browser','0','Mobile Phone','Miui OS','Unknown'),(3351,'85.235.163.26','tracking-rest-app.herokuapp.com','Mozilla/5.0 (Windows NT 6.1; Win64; x64) AppleWebKit/537.36 (KHTML, like Gecko) Chrome/75.0.3770.100 Safari/537.36 OPR/62.0.3331.99','2019-07-26',2,NULL,NULL,'Opera','Browser','0','Desktop','Win7','6.1'),(3361,'78.24.102.203','tracking-rest-app.herokuapp.com','Mozilla/5.0 (Windows NT 6.3; Win64; x64) AppleWebKit/537.36 (KHTML, like Gecko) Chrome/75.0.3770.142 Safari/537.36','2019-07-26',2,NULL,NULL,'Chrome','Browser','0','Desktop','Win8.1','6.3'),(3371,'83.220.236.129','tracking-rest-app.herokuapp.com','Mozilla/5.0 (Windows NT 6.1; WOW64) AppleWebKit/537.36 (KHTML, like Gecko) Chrome/74.0.3729.169 YaBrowser/19.6.3.185 Yowser/2.5 Safari/537.36','2019-07-26',1,NULL,NULL,'Yandex Browser','Browser','0','Desktop','Win7','6.1'),(3381,'77.35.145.198','tracking-rest-app.herokuapp.com','Dalvik/2.1.0 (Linux; U; Android 7.1.2; Redmi 4X MIUI/V10.3.1.0.NAMMIXM)','2019-07-26',3,NULL,NULL,'Miui Browser','Browser','0','Mobile Phone','Miui OS','Unknown'),(3391,'195.78.247.200','tracking-rest-app.herokuapp.com','Mozilla/5.0 (X11; Linux x86_64) AppleWebKit/537.36 (KHTML, like Gecko) Chrome/75.0.3770.143 Safari/537.36','2019-07-30',2,NULL,NULL,'Chrome','Browser','0','Desktop','Linux','Unknown'),(3401,'125.26.227.20','tracking-rest-app.herokuapp.com','Dalvik/2.1.0 (Linux; U; Android 9; SM-A920F Build/PPR1.180610.011)','2019-07-30',2,NULL,NULL,'Dalvik','Application','2','Mobile Phone','Android','Unknown'),(3411,'202.186.64.86','tracking-rest-app.herokuapp.com','Dalvik/2.1.0 (Linux; U; Android 9; INE-LX2 Build/HUAWEIINE-LX2)','2019-07-30',1,NULL,NULL,'Dalvik','Application','2','Mobile Phone','Android','Unknown'),(3421,'195.78.247.200','tracking-rest-app.herokuapp.com','Mozilla/5.0 (Linux; Android 9; SM-G970F) AppleWebKit/537.36 (KHTML, like Gecko) Chrome/75.0.3770.143 Mobile Safari/537.36','2019-07-30',2,NULL,NULL,'Chrome','Browser','0','Mobile Phone','Android','9.0'),(3431,'195.78.247.224','tracking-rest-app.herokuapp.com','Dalvik/2.1.0 (Linux; U; Android 9; Redmi Note 7 MIUI/V10.3.4.0.PFGEUXM)','2019-07-30',1,NULL,NULL,'Miui Browser','Browser','0','Mobile Phone','Miui OS','Unknown'),(3441,'62.105.151.160','tracking-rest-app.herokuapp.com','Mozilla/5.0 (Windows NT 6.1; Win64; x64; rv:68.0) Gecko/20100101 Firefox/68.0','2019-07-30',2,NULL,NULL,'Firefox','Browser','0','Desktop','Win7','6.1'),(3451,'91.225.165.3','tracking-rest-app.herokuapp.com','Mozilla/5.0 (Windows NT 10.0; Win64; x64; rv:68.0) Gecko/20100101 Firefox/68.0','2019-07-31',4,NULL,NULL,'Firefox','Browser','0','Desktop','Win10','10.0'),(3461,'195.49.149.117','tracking-rest-app.herokuapp.com','Mozilla/5.0 (Windows NT 10.0; Win64; x64) AppleWebKit/537.36 (KHTML, like Gecko) Chrome/75.0.3770.142 Safari/537.36','2019-07-31',2,NULL,NULL,'Chrome','Browser','0','Desktop','Win10','10.0'),(3471,'128.124.108.249','tracking-rest-app.herokuapp.com','Mozilla/5.0 (Linux; Android 4.4.2; SM-G7102 Build/KOT49H) AppleWebKit/537.36 (KHTML, like Gecko) Chrome/65.0.3325.109 Mobile Safari/537.36','2019-07-31',2,NULL,NULL,'Chrome','Browser','65','Mobile Phone','Android','4.4'),(3481,'95.167.228.50','tracking-rest-app.herokuapp.com','Mozilla/5.0 (Windows NT 6.1) AppleWebKit/537.36 (KHTML, like Gecko) Chrome/75.0.3770.142 Safari/537.36','2019-07-31',6,NULL,NULL,'Chrome','Browser','0','Desktop','Win7','6.1'),(3491,'195.206.42.203','tracking-rest-app.herokuapp.com','Mozilla/5.0 (Windows NT 10.0) AppleWebKit/537.36 (KHTML, like Gecko) Chrome/74.0.3729.169 YaBrowser/19.6.2.599 Yowser/2.5 Safari/537.36','2019-07-31',2,NULL,NULL,'Yandex Browser','Browser','0','Desktop','Win10','10.0'),(3501,'165.16.34.133','tracking-rest-app.herokuapp.com','Dalvik/2.1.0 (Linux; U; Android 8.0.0; SM-J400F Build/R16NW)','2019-07-31',2,NULL,NULL,'Dalvik','Application','2','Mobile Phone','Android','8.0'),(3511,'181.188.178.17','tracking-rest-app.herokuapp.com','Dalvik/2.1.0 (Linux; U; Android 5.1.1; SM-J111M Build/LMY47V)','2019-08-01',15,NULL,NULL,'Dalvik','Application','2','Mobile Phone','Android','5.1'),(3521,'213.231.47.108','tracking-rest-app.herokuapp.com','Mozilla/5.0 (Macintosh; Intel Mac OS X 10_14_5) AppleWebKit/537.36 (KHTML, like Gecko) Chrome/75.0.3770.142 Safari/537.36','2019-08-01',1,NULL,NULL,'Chrome','Browser','0','Desktop','macOS','10.14'),(3531,'178.57.91.78','tracking-rest-app.herokuapp.com','Mozilla/5.0 (Windows NT 10.0; WOW64) AppleWebKit/537.36 (KHTML, like Gecko) Chrome/74.0.3729.169 YaBrowser/19.6.3.185 Yowser/2.5 Safari/537.36','2019-08-01',16,NULL,NULL,'Yandex Browser','Browser','0','Desktop','Win10','10.0'),(3541,'117.136.79.139','tracking-rest-app.herokuapp.com','StolesCalc/1.0.5 (iPhone; iOS 12.0; Scale/3.00)','2019-08-01',2,NULL,NULL,'Mobile Safari UIWebView','Browser','0','Mobile Phone','iOS','Unknown'),(3551,'85.140.5.65','tracking-rest-app.herokuapp.com','Mozilla/5.0 (Windows NT 10.0; Win64; x64) AppleWebKit/537.36 (KHTML, like Gecko) Chrome/75.0.3770.142 Safari/537.36','2019-08-01',4,NULL,NULL,'Chrome','Browser','0','Desktop','Win10','10.0'),(3561,'188.231.228.157','tracking-rest-app.herokuapp.com','Mozilla/5.0 (Linux; Android 9; SM-J600F) AppleWebKit/537.36 (KHTML, like Gecko) Chrome/75.0.3770.143 Mobile Safari/537.36','2019-08-01',4,NULL,NULL,'Chrome','Browser','0','Mobile Phone','Android','9.0'),(3571,'37.73.134.162','tracking-rest-app.herokuapp.com','Mozilla/5.0 (iPhone; CPU iPhone OS 12_3 like Mac OS X) AppleWebKit/605.1.15 (KHTML, like Gecko) CriOS/75.0.3770.103 Mobile/15E148 Safari/605.1','2019-08-05',1,NULL,NULL,'Chrome','Browser','0','Mobile Phone','iOS','Unknown'),(3581,'85.238.100.9','tracking-rest-app.herokuapp.com','Mozilla/5.0 (Windows NT 10.0; Win64; x64) AppleWebKit/537.36 (KHTML, like Gecko) Chrome/76.0.3809.87 Safari/537.36','2019-08-05',13,NULL,NULL,'Chrome','Browser','0','Desktop','Win10','10.0'),(3591,'217.76.38.147','tracking-rest-app.herokuapp.com','Mozilla/5.0 (Windows NT 6.1) AppleWebKit/537.36 (KHTML, like Gecko) Chrome/75.0.3770.100 Safari/537.36 OPR/62.0.3331.99','2019-08-05',4,NULL,NULL,'Opera','Browser','0','Desktop','Win7','6.1'),(3601,'176.59.139.196','tracking-rest-app.herokuapp.com','Mozilla/5.0 (Windows NT 6.3; WOW64) AppleWebKit/537.36 (KHTML, like Gecko) Chrome/74.0.3729.169 YaBrowser/19.6.3.185 Yowser/2.5 Safari/537.36','2019-08-05',8,NULL,NULL,'Yandex Browser','Browser','0','Desktop','Win8.1','6.3'),(3611,'77.72.121.150','tracking-rest-app.herokuapp.com','Mozilla/5.0 (Windows NT 6.1; Win64; x64) AppleWebKit/537.36 (KHTML, like Gecko) Chrome/75.0.3770.142 Safari/537.36','2019-08-05',2,NULL,NULL,'Chrome','Browser','0','Desktop','Win7','6.1'),(3621,'37.146.124.148','tracking-rest-app.herokuapp.com','Mozilla/5.0 (Windows NT 10.0; Win64; x64) AppleWebKit/537.36 (KHTML, like Gecko) Chrome/73.0.3683.103 Safari/537.36','2019-08-05',2,NULL,NULL,'Chrome','Browser','73','Desktop','Win10','10.0'),(3631,'212.20.34.54','tracking-rest-app.herokuapp.com','Mozilla/5.0 (Windows NT 10.0; WOW64; rv:68.0) Gecko/20100101 Firefox/68.0','2019-08-07',16,NULL,NULL,'Firefox','Browser','0','Desktop','Win10','10.0'),(3641,'213.174.99.134','tracking-rest-app.herokuapp.com','Mozilla/5.0 (Macintosh; Intel Mac OS X 10_13_6) AppleWebKit/537.36 (KHTML, like Gecko) Chrome/75.0.3770.142 Safari/537.36','2019-08-07',2,NULL,NULL,'Chrome','Browser','0','Desktop','macOS','10.13'),(3651,'113.161.161.192','tracking-rest-app.herokuapp.com','StolesCalc/1.0.5 (iPhone; iOS 12.3.1; Scale/3.00)','2019-08-07',1,NULL,NULL,'Mobile Safari UIWebView','Browser','0','Mobile Phone','iOS','Unknown'),(3661,'212.176.165.221','tracking-rest-app.herokuapp.com','Mozilla/5.0 (Windows NT 6.1; Win64; x64) AppleWebKit/537.36 (KHTML, like Gecko) Chrome/75.0.3770.142 Safari/537.36','2019-08-07',4,NULL,NULL,'Chrome','Browser','0','Desktop','Win7','6.1'),(3671,'84.236.27.112','tracking-rest-app.herokuapp.com','Dalvik/2.1.0 (Linux; U; Android 6.0.1; MotoG3 Build/MPIS24.107-55-2-12)','2019-08-07',1,NULL,NULL,'Dalvik','Application','2','Mobile Phone','Android','6.0'),(3681,'94.158.149.72','tracking-rest-app.herokuapp.com','Mozilla/5.0 (Windows NT 10.0; Win64; x64) AppleWebKit/537.36 (KHTML, like Gecko) Chrome/75.0.3770.142 Safari/537.36','2019-08-07',7,NULL,NULL,'Chrome','Browser','0','Desktop','Win10','10.0'),(3691,'31.13.145.208','tracking-rest-app.herokuapp.com','Mozilla/5.0 (Linux; Android 9; SM-J415FN) AppleWebKit/537.36 (KHTML, like Gecko) Chrome/76.0.3809.89 Mobile Safari/537.36','2019-08-08',2,NULL,NULL,'Chrome','Browser','0','Mobile Phone','Android','9.0'),(3701,'85.95.166.39','tracking-rest-app.herokuapp.com','Mozilla/5.0 (Windows NT 10.0; WOW64) AppleWebKit/537.36 (KHTML, like Gecko) Chrome/75.0.3770.143 YaBrowser/19.7.1.114 Yowser/2.5 Safari/537.36','2019-08-08',12,NULL,NULL,'Yandex Browser','Browser','0','Desktop','Win10','10.0'),(3711,'62.148.143.182','tracking-rest-app.herokuapp.com','Mozilla/5.0 (Windows NT 6.1) AppleWebKit/537.36 (KHTML, like Gecko) Chrome/75.0.3770.100 Safari/537.36 OPR/62.0.3331.99 (Edition Yx)','2019-08-08',5,NULL,NULL,'Opera','Browser','0','Desktop','Win7','6.1'),(3721,'93.125.106.48','tracking-rest-app.herokuapp.com','Mozilla/5.0 (Windows NT 6.1) AppleWebKit/537.36 (KHTML, like Gecko) Chrome/75.0.3770.142 Safari/537.36','2019-08-08',6,NULL,NULL,'Chrome','Browser','0','Desktop','Win7','6.1'),(3731,'195.54.206.114','tracking-rest-app.herokuapp.com','Mozilla/5.0 (Windows NT 10.0; Win64; x64) AppleWebKit/537.36 (KHTML, like Gecko) Chrome/76.0.3809.100 Safari/537.36','2019-08-08',4,NULL,NULL,'Chrome','Browser','0','Desktop','Win10','10.0'),(3741,'77.121.201.93','tracking-rest-app.herokuapp.com','Mozilla/5.0 (Windows NT 5.1; rv:52.0) Gecko/20100101 Firefox/52.0','2019-08-08',2,NULL,NULL,'Firefox','Browser','52','Desktop','WinXP','5.1'),(3751,'94.25.168.115','tracking-rest-app.herokuapp.com','Mozilla/5.0 (Windows NT 6.1; Win64; x64; rv:68.0) Gecko/20100101 Firefox/68.0','2019-08-08',18,NULL,NULL,'Firefox','Browser','0','Desktop','Win7','6.1'),(3761,'102.141.160.203','tracking-rest-app.herokuapp.com','StolesCalc/1.0.5 (iPhone; iOS 12.4; Scale/3.00)','2019-08-08',7,NULL,NULL,'Mobile Safari UIWebView','Browser','0','Mobile Phone','iOS','Unknown'),(3771,'194.158.222.134','tracking-rest-app.herokuapp.com','Mozilla/5.0 (Windows NT 5.1) AppleWebKit/537.36 (KHTML, like Gecko) Chrome/49.0.2623.112 Safari/537.36','2019-08-08',4,NULL,NULL,'Chrome','Browser','49','Desktop','WinXP','5.1'),(3781,'203.97.216.113','tracking-rest-app.herokuapp.com','Mozilla/5.0 (Windows NT 6.1; Win64; x64) AppleWebKit/537.36 (KHTML, like Gecko) Chrome/76.0.3809.100 Safari/537.36','2019-08-08',1,NULL,NULL,'Chrome','Browser','0','Desktop','Win7','6.1'),(3791,'112.134.5.0','tracking-rest-app.herokuapp.com','StolesCalc/1.0.5 (iPhone; iOS 12.3.1; Scale/2.00)','2019-08-08',1,NULL,NULL,'Mobile Safari UIWebView','Browser','0','Mobile Phone','iOS','Unknown'),(3801,'46.211.122.209','tracking-rest-app.herokuapp.com','StolesCalc/1.0.5 (iPhone; iOS 12.4; Scale/3.00)','2019-08-09',1,NULL,NULL,'Mobile Safari UIWebView','Browser','0','Mobile Phone','iOS','Unknown'),(3811,'79.110.129.107','tracking-rest-app.herokuapp.com','Mozilla/5.0 (iPhone; CPU iPhone OS 12_3 like Mac OS X) AppleWebKit/605.1.15 (KHTML, like Gecko) CriOS/76.0.3809.81 Mobile/15E148 Safari/605.1','2019-08-09',1,NULL,NULL,'Chrome','Browser','0','Mobile Phone','iOS','Unknown'),(3821,'95.56.226.2','tracking-rest-app.herokuapp.com','Mozilla/5.0 (Windows NT 10.0; Win64; x64) AppleWebKit/537.36 (KHTML, like Gecko) Chrome/76.0.3809.100 Safari/537.36','2019-08-09',4,NULL,NULL,'Chrome','Browser','0','Desktop','Win10','10.0'),(3831,'37.161.53.191','tracking-rest-app.herokuapp.com','Dalvik/2.1.0 (Linux; U; Android 8.0.0; CUBOT_X18_Plus Build/O00623)','2019-08-09',1,NULL,NULL,'Dalvik','Application','2','Mobile Phone','Android','8.0'),(3841,'112.215.220.120','tracking-rest-app.herokuapp.com','StolesCalc/1.0.5 (iPhone; iOS 12.1.1; Scale/3.00)','2019-08-09',2,NULL,NULL,'Mobile Safari UIWebView','Browser','0','Mobile Phone','iOS','Unknown'),(3851,'213.167.34.54','tracking-rest-app.herokuapp.com','Mozilla/5.0 (Windows NT 10.0; WOW64) AppleWebKit/537.36 (KHTML, like Gecko) Chrome/75.0.3770.143 YaBrowser/19.7.2.455 Yowser/2.5 Safari/537.36','2019-08-09',6,NULL,NULL,'Yandex Browser','Browser','0','Desktop','Win10','10.0'),(3861,'83.55.84.141','tracking-rest-app.herokuapp.com','Dalvik/2.1.0 (Linux; U; Android 7.1.1; SM-J510FN Build/NMF26X)','2019-08-12',6,NULL,NULL,'Dalvik','Application','2','Mobile Phone','Android','7.1'),(3871,'103.226.31.178','tracking-rest-app.herokuapp.com','Dalvik/2.1.0 (Linux; U; Android 9; SM-J701F Build/PPR1.180610.011)','2019-08-12',1,NULL,NULL,'Dalvik','Application','2','Mobile Phone','Android','Unknown'),(3881,'94.25.170.97','tracking-rest-app.herokuapp.com','Mozilla/5.0 (Macintosh; Intel Mac OS X 10_11_6) AppleWebKit/605.1.15 (KHTML, like Gecko) Version/11.1.2 Safari/605.1.15','2019-08-12',2,NULL,NULL,'Safari','Browser','11','Desktop','MacOSX','10.11'),(3891,'217.107.197.165','tracking-rest-app.herokuapp.com','Mozilla/5.0 (Windows NT 10.0; Win64; x64) AppleWebKit/537.36 (KHTML, like Gecko) Chrome/75.0.3770.142 Safari/537.36','2019-08-12',4,NULL,NULL,'Chrome','Browser','0','Desktop','Win10','10.0'),(3901,'46.211.113.41','tracking-rest-app.herokuapp.com','Dalvik/2.1.0 (Linux; U; Android 9; VKY-L29 Build/HUAWEIVKY-L29)','2019-08-12',1,NULL,NULL,'Dalvik','Application','2','Mobile Phone','Android','Unknown'),(3911,'37.73.198.48','tracking-rest-app.herokuapp.com','StolesCalc/1.0.5 (iPhone; iOS 12.4; Scale/3.00)','2019-08-12',1,NULL,NULL,'Mobile Safari UIWebView','Browser','0','Mobile Phone','iOS','Unknown'),(3921,'79.140.4.252','tracking-rest-app.herokuapp.com','Dalvik/2.1.0 (Linux; U; Android 9; Redmi Note 7 MIUI/V10.3.4.0.PFGEUXM)','2019-08-13',1,NULL,NULL,'Miui Browser','Browser','0','Mobile Phone','Miui OS','Unknown'),(3931,'66.249.66.213','tracking-rest-app.herokuapp.com','Mozilla/5.0 (compatible; Googlebot/2.1; +http://www.google.com/bot.html)','2019-08-13',3,NULL,NULL,'Google Bot','Bot/Crawler','2','Unknown','Unknown','Unknown'),(3941,'212.48.232.194','tracking-rest-app.herokuapp.com','Mozilla/5.0 (Windows NT 10.0) AppleWebKit/537.36 (KHTML, like Gecko) Chrome/76.0.3809.100 Safari/537.36','2019-08-13',13,NULL,NULL,'Chrome','Browser','0','Desktop','Win10','10.0'),(3951,'37.73.149.3','tracking-rest-app.herokuapp.com','StolesCalc/1.0.5 (iPhone; iOS 12.4; Scale/3.00)','2019-08-13',3,NULL,NULL,'Mobile Safari UIWebView','Browser','0','Mobile Phone','iOS','Unknown'),(3961,'37.195.207.85','tracking-rest-app.herokuapp.com','Mozilla/5.0 (Windows NT 6.1; Win64; x64) AppleWebKit/537.36 (KHTML, like Gecko) Chrome/76.0.3809.100 Safari/537.36','2019-08-13',2,NULL,NULL,'Chrome','Browser','0','Desktop','Win7','6.1'),(3971,'46.211.102.108','tracking-rest-app.herokuapp.com','Mozilla/5.0 (Windows NT 10.0; Win64; x64) AppleWebKit/537.36 (KHTML, like Gecko) Chrome/76.0.3809.100 Safari/537.36','2019-08-13',15,NULL,NULL,'Chrome','Browser','0','Desktop','Win10','10.0'),(3981,'78.108.201.114','tracking-rest-app.herokuapp.com','Mozilla/5.0 (Windows NT 10.0; WOW64) AppleWebKit/537.36 (KHTML, like Gecko) Chrome/75.0.3770.143 YaBrowser/19.7.2.455 Yowser/2.5 Safari/537.36','2019-08-13',2,NULL,NULL,'Yandex Browser','Browser','0','Desktop','Win10','10.0'),(3991,'134.19.151.158','tracking-rest-app.herokuapp.com','Mozilla/5.0 (Windows NT 6.1; Win64; x64) AppleWebKit/537.36 (KHTML, like Gecko) Chrome/75.0.3770.142 Safari/537.36','2019-08-13',2,NULL,NULL,'Chrome','Browser','0','Desktop','Win7','6.1'),(4001,'195.158.22.98','tracking-rest-app.herokuapp.com','Mozilla/5.0 (Windows NT 6.1; Win64; x64) AppleWebKit/537.36 (KHTML, like Gecko) Chrome/76.0.3809.100 Safari/537.36','2019-08-14',1,NULL,NULL,'Chrome','Browser','0','Desktop','Win7','6.1'),(4011,'85.95.166.39','tracking-rest-app.herokuapp.com','Mozilla/5.0 (Windows NT 10.0; Win64; x64) AppleWebKit/537.36 (KHTML, like Gecko) Chrome/64.0.3282.140 Safari/537.36 Edge/17.17134','2019-08-14',2,NULL,NULL,'Edge','Browser','17','Desktop','Win10','10.0'),(4021,'90.143.10.46','tracking-rest-app.herokuapp.com','Mozilla/5.0 (Macintosh; Intel Mac OS X 10_14_6) AppleWebKit/537.36 (KHTML, like Gecko) Chrome/76.0.3809.100 Safari/537.36','2019-08-14',10,NULL,NULL,'Chrome','Browser','0','Desktop','macOS','10.14'),(4031,'120.188.6.200','tracking-rest-app.herokuapp.com','Dalvik/2.1.0 (Linux; U; Android 9; vivo 1819 Build/PPR1.180610.011)','2019-08-14',1,NULL,NULL,'Dalvik','Application','2','Mobile Phone','Android','Unknown'),(4041,'94.158.149.72','tracking-rest-app.herokuapp.com','Mozilla/5.0 (Windows NT 10.0; Win64; x64) AppleWebKit/537.36 (KHTML, like Gecko) Chrome/75.0.3770.142 Safari/537.36','2019-08-14',10,NULL,NULL,'Chrome','Browser','0','Desktop','Win10','10.0'),(4051,'195.19.218.204','tracking-rest-app.herokuapp.com','Mozilla/5.0 (Windows NT 10.0; WOW64) AppleWebKit/537.36 (KHTML, like Gecko) Chrome/75.0.3770.143 YaBrowser/19.7.2.455 Yowser/2.5 Safari/537.36','2019-08-14',1,NULL,NULL,'Yandex Browser','Browser','0','Desktop','Win10','10.0'),(4061,'94.158.149.72','tracking-rest-app.herokuapp.com','Mozilla/5.0 (Windows NT 10.0; Win64; x64) AppleWebKit/537.36 (KHTML, like Gecko) Chrome/76.0.3809.100 Safari/537.36','2019-08-15',8,NULL,NULL,'Chrome','Browser','0','Desktop','Win10','10.0'),(4071,'94.158.149.72','tracking-rest-app.herokuapp.com','Mozilla/5.0 (Windows NT 10.0; Win64; x64) AppleWebKit/537.36 (KHTML, like Gecko) Chrome/75.0.3770.142 Safari/537.36','2019-08-15',2,NULL,NULL,'Chrome','Browser','0','Desktop','Win10','10.0'),(4081,'146.66.204.46','tracking-rest-app.herokuapp.com','Mozilla/5.0 (Windows NT 10.0; Win64; x64) AppleWebKit/537.36 (KHTML, like Gecko) Chrome/64.0.3282.140 Safari/537.36 Edge/17.17134','2019-08-15',6,NULL,NULL,'Edge','Browser','17','Desktop','Win10','10.0'),(4091,'52.114.77.26','tracking-rest-app.herokuapp.com','Mozilla/5.0 (Windows NT 6.1; WOW64) SkypeUriPreview Preview/0.5','2019-08-15',1,NULL,NULL,'SkypeUriPreview','Bot/Crawler','0','Desktop','Win7','6.1'),(4101,'213.184.241.126','tracking-rest-app.herokuapp.com','Mozilla/5.0 (Windows NT 6.1; Win64; x64) AppleWebKit/537.36 (KHTML, like Gecko) Chrome/76.0.3809.100 Safari/537.36','2019-08-15',1,NULL,NULL,'Chrome','Browser','0','Desktop','Win7','6.1'),(4111,'46.250.20.124','tracking-rest-app.herokuapp.com','Mozilla/5.0 (Macintosh; Intel Mac OS X 10_14_6) AppleWebKit/537.36 (KHTML, like Gecko) Chrome/76.0.3809.100 Safari/537.36','2019-08-15',6,NULL,NULL,'Chrome','Browser','0','Desktop','macOS','10.14'),(4121,'35.234.176.160','tracking-rest-app.herokuapp.com','Dalvik/2.1.0 (Linux; U; Android 9; GCE x86 phone Build/PGR1.180815.001)','2019-08-16',2,NULL,NULL,'Dalvik','Application','2','Mobile Phone','Android','Unknown'),(4131,'5.8.203.162','tracking-rest-app.herokuapp.com','Mozilla/5.0 (Macintosh; Intel Mac OS X 10.13; rv:68.0) Gecko/20100101 Firefox/68.0','2019-08-16',2,NULL,NULL,'Firefox','Browser','0','Desktop','macOS','10.13'),(4141,'66.249.66.141','tracking-rest-app.herokuapp.com','Mozilla/5.0 (compatible; Googlebot/2.1; +http://www.google.com/bot.html)','2019-08-16',1,NULL,NULL,'Google Bot','Bot/Crawler','2','Unknown','Unknown','Unknown'),(4151,'46.151.193.162','tracking-rest-app.herokuapp.com','Mozilla/5.0 (Macintosh; Intel Mac OS X 10_14_6) AppleWebKit/605.1.15 (KHTML, like Gecko) Version/12.1.2 Safari/605.1.15','2019-08-16',4,NULL,NULL,'Safari','Browser','0','Desktop','macOS','10.14'),(4161,'62.148.143.182','tracking-rest-app.herokuapp.com','Mozilla/5.0 (Windows NT 6.1) AppleWebKit/537.36 (KHTML, like Gecko) Chrome/75.0.3770.143 YaBrowser/19.7.2.455 Yowser/2.5 Safari/537.36','2019-08-16',15,NULL,NULL,'Yandex Browser','Browser','0','Desktop','Win7','6.1'),(4171,'195.138.68.200','tracking-rest-app.herokuapp.com','StolesCalc/1.0.5 (iPhone; iOS 12.4; Scale/3.00)','2019-08-15',10,NULL,NULL,'Mobile Safari UIWebView','Browser','0','Mobile Phone','iOS','Unknown'),(4181,'188.168.202.129','tracking-rest-app.herokuapp.com','Mozilla/5.0 (Windows NT 6.1; Win64; x64) AppleWebKit/537.36 (KHTML, like Gecko) Chrome/76.0.3809.100 Safari/537.36','2019-08-19',8,NULL,NULL,'Chrome','Browser','0','Desktop','Win7','6.1'),(4191,'93.88.76.168','tracking-rest-app.herokuapp.com','Mozilla/5.0 (Windows NT 6.3; WOW64; rv:60.0) Gecko/20100101 Firefox/60.0','2019-08-19',8,NULL,NULL,'Firefox','Browser','60','Desktop','Win8.1','6.3'),(4201,'213.226.137.20','tracking-rest-app.herokuapp.com','Mozilla/5.0 (Windows NT 10.0; Win64; x64) AppleWebKit/537.36 (KHTML, like Gecko) Chrome/76.0.3809.100 Safari/537.36','2019-08-19',2,NULL,NULL,'Chrome','Browser','0','Desktop','Win10','10.0'),(4211,'93.56.74.4','tracking-rest-app.herokuapp.com','Dalvik/2.1.0 (Linux; U; Android 9; SNE-LX1 Build/HUAWEISNE-L21)','2019-08-19',1,NULL,NULL,'Dalvik','Application','2','Mobile Phone','Android','Unknown'),(4221,'217.114.224.84','tracking-rest-app.herokuapp.com','Mozilla/5.0 (iPhone; CPU iPhone OS 12_4 like Mac OS X) AppleWebKit/605.1.15 (KHTML, like Gecko) Version/12.1.2 Mobile/15E148 Safari/604.1','2019-08-19',4,NULL,NULL,'Safari','Browser','0','Mobile Phone','iOS','Unknown'),(4231,'62.205.180.210','tracking-rest-app.herokuapp.com','Mozilla/5.0 (Windows NT 10.0; WOW64; Trident/7.0; rv:11.0) like Gecko','2019-08-19',2,NULL,NULL,'IE','Browser','11','Desktop','Win10','10.0'),(4241,'94.158.149.72','tracking-rest-app.herokuapp.com','Mozilla/5.0 (Linux; Android 8.1.0; SM-J710F) AppleWebKit/537.36 (KHTML, like Gecko) Chrome/75.0.3770.67 Mobile Safari/537.36','2019-08-19',2,NULL,NULL,'Chrome','Browser','0','Mobile Phone','Android','8.1'),(4251,'91.215.60.70','tracking-rest-app.herokuapp.com','Mozilla/5.0 (Macintosh; Intel Mac OS X 10_13_6) AppleWebKit/605.1.15 (KHTML, like Gecko) Version/12.1.1 Safari/605.1.15','2019-08-19',1,NULL,NULL,'Safari','Browser','0','Desktop','macOS','10.13'),(4261,'91.215.60.70','tracking-rest-app.herokuapp.com','Mozilla/5.0 (Windows NT 10.0; Win64; x64; rv:68.0) Gecko/20100101 Firefox/68.0','2019-08-19',4,NULL,NULL,'Firefox','Browser','0','Desktop','Win10','10.0'),(4271,'195.138.84.163','tracking-rest-app.herokuapp.com','Dalvik/2.1.0 (Linux; U; Android 9; VKY-L29 Build/HUAWEIVKY-L29)','2019-08-19',1,NULL,NULL,'Dalvik','Application','2','Mobile Phone','Android','Unknown'),(4281,'195.138.68.200','tracking-rest-app.herokuapp.com','StolesCalc/1.0.5 (iPhone; iOS 12.4; Scale/3.00)','2019-08-19',66,NULL,NULL,'Mobile Safari UIWebView','Browser','0','Mobile Phone','iOS','Unknown'),(4291,'188.247.99.140','tracking-rest-app.herokuapp.com','Mozilla/5.0 (Windows NT 6.1) AppleWebKit/537.36 (KHTML, like Gecko) Chrome/76.0.3809.100 Safari/537.36','2019-08-20',4,NULL,NULL,'Chrome','Browser','0','Desktop','Win7','6.1'),(4301,'112.96.176.205','tracking-rest-app.herokuapp.com','Mozilla/5.0 (iPhone; CPU iPhone OS 12_4 like Mac OS X) AppleWebKit/605.1.15 (KHTML, like Gecko) Version/12.1.2 Mobile/15E148 Safari/604.1','2019-08-20',12,NULL,NULL,'Safari','Browser','0','Mobile Phone','iOS','Unknown'),(4311,'78.111.189.157','tracking-rest-app.herokuapp.com','Mozilla/5.0 (Macintosh; Intel Mac OS X 10_14_6) AppleWebKit/537.36 (KHTML, like Gecko) Chrome/76.0.3809.100 Safari/537.36','2019-08-19',4,NULL,NULL,'Chrome','Browser','0','Desktop','macOS','10.14'),(4321,'223.38.33.121','tracking-rest-app.herokuapp.com','StolesCalc/1.0.5 (iPhone; iOS 12.4; Scale/3.00)','2019-08-20',2,NULL,NULL,'Mobile Safari UIWebView','Browser','0','Mobile Phone','iOS','Unknown'),(4331,'195.138.68.200','tracking-rest-app.herokuapp.com','Dalvik/2.1.0 (Linux; U; Android 9; Mi A2 Lite Build/PKQ1.180917.001)','2019-08-19',13,NULL,NULL,'Dalvik','Application','2','Mobile Phone','Android','Unknown'),(4341,'109.252.105.199','tracking-rest-app.herokuapp.com','Mozilla/5.0 (Windows NT 6.3; WOW64) AppleWebKit/537.36 (KHTML, like Gecko) Chrome/75.0.3770.143 YaBrowser/19.7.1.114 Yowser/2.5 Safari/537.36','2019-08-20',2,NULL,NULL,'Yandex Browser','Browser','0','Desktop','Win8.1','6.3'),(4351,'174.79.152.210','tracking-rest-app.herokuapp.com','StolesCalc/1.0.5 (iPhone; iOS 11.4.1; Scale/3.00)','2019-08-20',1,NULL,NULL,'Mobile Safari UIWebView','Browser','0','Mobile Phone','iOS','Unknown'),(4361,'5.143.106.71','tracking-rest-app.herokuapp.com','Mozilla/5.0 (Linux; Android 9; Nokia 5.1) AppleWebKit/537.36 (KHTML, like Gecko) Chrome/76.0.3809.111 Mobile Safari/537.36','2019-08-20',1,NULL,NULL,'Chrome','Browser','0','Mobile Phone','Android','9.0'),(4371,'115.74.200.174','tracking-rest-app.herokuapp.com','StolesCalc/1.0.5 (iPad; iOS 12.3.1; Scale/2.00)','2019-08-20',2,NULL,NULL,'Mobile Safari UIWebView','Browser','0','Tablet','iOS','Unknown'),(4381,'176.119.98.224','tracking-rest-app.herokuapp.com','Dalvik/2.1.0 (Linux; U; Android 9; Redmi Note 7 MIUI/V10.3.5.0.PFGEUXM)','2019-08-20',9,NULL,NULL,'Miui Browser','Browser','0','Mobile Phone','Miui OS','Unknown'),(4391,'82.208.97.3','tracking-rest-app.herokuapp.com','Mozilla/5.0 (Windows NT 6.1; WOW64; Trident/7.0; rv:11.0) like Gecko','2019-08-21',22,NULL,NULL,'IE','Browser','11','Desktop','Win7','6.1'),(4401,'91.209.59.30','tracking-rest-app.herokuapp.com','Mozilla/5.0 (Windows NT 6.1; Win64; x64) AppleWebKit/537.36 (KHTML, like Gecko) Chrome/76.0.3809.100 Safari/537.36','2019-08-21',8,NULL,NULL,'Chrome','Browser','0','Desktop','Win7','6.1'),(4411,'37.73.229.80','tracking-rest-app.herokuapp.com','StolesCalc/1.0.5 (iPhone; iOS 12.4; Scale/3.00)','2019-08-21',1,NULL,NULL,'Mobile Safari UIWebView','Browser','0','Mobile Phone','iOS','Unknown'),(4421,'213.231.29.13','tracking-rest-app.herokuapp.com','Mozilla/5.0 (iPhone; CPU iPhone OS 12_4 like Mac OS X) AppleWebKit/605.1.15 (KHTML, like Gecko) Version/12.1.2 Mobile/15E148 Safari/604.1','2019-08-21',2,NULL,NULL,'Safari','Browser','0','Mobile Phone','iOS','Unknown'),(4431,'176.119.98.224','tracking-rest-app.herokuapp.com','Dalvik/2.1.0 (Linux; U; Android 9; Redmi Note 7 MIUI/V10.3.5.0.PFGEUXM)','2019-08-21',10,NULL,NULL,'Miui Browser','Browser','0','Mobile Phone','Miui OS','Unknown'),(4441,'80.255.85.94','tracking-rest-app.herokuapp.com','Mozilla/5.0 (Windows NT 6.1; WOW64) AppleWebKit/537.36 (KHTML, like Gecko) Chrome/75.0.3770.143 YaBrowser/19.7.3.172 Yowser/2.5 Safari/537.36','2019-08-22',1,NULL,NULL,'Yandex Browser','Browser','0','Desktop','Win7','6.1'),(4451,'107.77.221.123','tracking-rest-app.herokuapp.com','StolesCalc/1.0.5 (iPhone; iOS 12.3.1; Scale/3.00)','2019-08-21',2,NULL,NULL,'Mobile Safari UIWebView','Browser','0','Mobile Phone','iOS','Unknown'),(4461,'107.129.243.247','tracking-rest-app.herokuapp.com','StolesCalc/1.0.5 (iPhone; iOS 12.3.1; Scale/3.00)','2019-08-22',3,NULL,NULL,'Mobile Safari UIWebView','Browser','0','Mobile Phone','iOS','Unknown'),(4471,'82.200.37.206','tracking-rest-app.herokuapp.com','Mozilla/5.0 (Windows NT 6.1; Win64; x64) AppleWebKit/537.36 (KHTML, like Gecko) Chrome/76.0.3809.100 Safari/537.36','2019-08-22',2,NULL,NULL,'Chrome','Browser','0','Desktop','Win7','6.1'),(4481,'82.208.97.3','tracking-rest-app.herokuapp.com','Mozilla/5.0 (Windows NT 6.1; WOW64; Trident/7.0; rv:11.0) like Gecko','2019-08-22',12,NULL,NULL,'IE','Browser','11','Desktop','Win7','6.1'),(4491,'91.195.136.223','tracking-rest-app.herokuapp.com','Mozilla/5.0 (Windows NT 6.1) AppleWebKit/537.36 (KHTML, like Gecko) Chrome/75.0.3770.142 Safari/537.36 OPR/62.0.3331.116','2019-08-23',2,NULL,NULL,'Opera','Browser','0','Desktop','Win7','6.1'),(4501,'37.73.201.181','tracking-rest-app.herokuapp.com','StolesCalc/1.0.5 (iPhone; iOS 12.4; Scale/2.00)','2019-08-23',1,NULL,NULL,'Mobile Safari UIWebView','Browser','0','Mobile Phone','iOS','Unknown'),(4511,'85.254.132.69','tracking-rest-app.herokuapp.com','Mozilla/5.0 (Windows NT 10.0; Win64; x64) AppleWebKit/537.36 (KHTML, like Gecko) Chrome/75.0.3770.142 Safari/537.36 OPR/62.0.3331.116','2019-08-23',2,NULL,NULL,'Opera','Browser','0','Desktop','Win10','10.0'),(4521,'82.208.97.3','tracking-rest-app.herokuapp.com','Mozilla/5.0 (Windows NT 6.1; WOW64; Trident/7.0; rv:11.0) like Gecko','2019-08-23',2,NULL,NULL,'IE','Browser','11','Desktop','Win7','6.1'),(4531,'95.216.225.195','tracking-rest-app.herokuapp.com','Mozilla/5.0 (Windows NT 6.1; Win64; x64) AppleWebKit/537.36 (KHTML, like Gecko) Chrome/76.0.3809.100 Safari/537.36','2019-08-23',11,NULL,NULL,'Chrome','Browser','0','Desktop','Win7','6.1'),(4541,'77.121.155.57','tracking-rest-app.herokuapp.com','Mozilla/5.0 (Linux; Android 9; SM-A750FN) AppleWebKit/537.36 (KHTML, like Gecko) Chrome/76.0.3809.111 Mobile Safari/537.36','2019-08-22',2,NULL,NULL,'Chrome','Browser','0','Mobile Phone','Android','9.0'),(4551,'178.213.144.26','tracking-rest-app.herokuapp.com','Mozilla/5.0 (Windows NT 6.3; Win64; x64) AppleWebKit/537.36 (KHTML, like Gecko) Chrome/76.0.3809.100 Safari/537.36','2019-08-27',1,NULL,NULL,'Chrome','Browser','0','Desktop','Win8.1','6.3'),(4561,'46.211.52.240','tracking-rest-app.herokuapp.com','Mozilla/5.0 (Linux; Android 9; Redmi Note 5) AppleWebKit/537.36 (KHTML, like Gecko) Chrome/76.0.3809.111 Mobile Safari/537.36','2019-08-27',2,NULL,NULL,'Chrome','Browser','0','Mobile Phone','Android','9.0'),(4571,'89.175.6.138','tracking-rest-app.herokuapp.com','Mozilla/5.0 (Windows NT 6.1; WOW64; Trident/7.0; rv:11.0) like Gecko','2019-08-26',2,NULL,NULL,'IE','Browser','11','Desktop','Win7','6.1'),(4581,'195.3.158.112','tracking-rest-app.herokuapp.com','Mozilla/5.0 (Windows NT 10.0; Win64; x64) AppleWebKit/537.36 (KHTML, like Gecko) Chrome/76.0.3809.100 Safari/537.36','2019-08-27',6,NULL,NULL,'Chrome','Browser','0','Desktop','Win10','10.0'),(4591,'86.98.143.197','tracking-rest-app.herokuapp.com','Mozilla/5.0 (Windows NT 10.0; Win64; x64) AppleWebKit/537.36 (KHTML, like Gecko) Chrome/76.0.3809.100 Safari/537.36','2019-08-26',2,NULL,NULL,'Chrome','Browser','0','Desktop','Win10','10.0'),(4601,'117.136.12.161','tracking-rest-app.herokuapp.com','StolesCalc/1.0.5 (iPhone; iOS 12.2; Scale/3.00)','2019-08-26',2,NULL,NULL,'Mobile Safari UIWebView','Browser','0','Mobile Phone','iOS','Unknown'),(4611,'176.74.12.186','tracking-rest-app.herokuapp.com','Mozilla/5.0 (Windows NT 10.0; Win64; x64) AppleWebKit/537.36 (KHTML, like Gecko) Chrome/76.0.3809.132 Safari/537.36','2019-08-27',2,NULL,NULL,'Chrome','Browser','0','Desktop','Win10','10.0'),(4621,'83.68.35.235','tracking-rest-app.herokuapp.com','Mozilla/5.0 (Windows NT 10.0; Win64; x64; rv:65.0) Gecko/20100101 Firefox/65.0','2019-08-27',8,NULL,NULL,'Firefox','Browser','65','Desktop','Win10','10.0'),(4631,'197.156.86.43','tracking-rest-app.herokuapp.com','StolesCalc/1.0.5 (iPhone; iOS 12.2; Scale/3.00)','2019-08-27',1,NULL,NULL,'Mobile Safari UIWebView','Browser','0','Mobile Phone','iOS','Unknown'),(4641,'46.151.192.106','tracking-rest-app.herokuapp.com','Mozilla/5.0 (Windows NT 6.1; WOW64) AppleWebKit/537.36 (KHTML, like Gecko) Chrome/76.0.3809.100 Safari/537.36','2019-08-27',2,NULL,NULL,'Chrome','Browser','0','Desktop','Win7','6.1'),(4651,'93.157.57.130','tracking-rest-app.herokuapp.com','Mozilla/5.0 (Windows NT 6.1; WOW64; Trident/7.0; rv:11.0) like Gecko','2019-08-27',2,NULL,NULL,'IE','Browser','11','Desktop','Win7','6.1'),(4661,'176.213.140.62','tracking-rest-app.herokuapp.com','Mozilla/5.0 (Windows NT 6.3; WOW64) AppleWebKit/537.36 (KHTML, like Gecko) Chrome/76.0.3809.100 YaBrowser/19.9.2.81 (beta) Yowser/2.5 Safari/537.36','2019-08-27',1,NULL,NULL,'Yandex Browser','Browser','0','Desktop','Win8.1','6.3'),(4671,'60.53.125.119','tracking-rest-app.herokuapp.com','StolesCalc/1.0.5 (iPhone; iOS 12.4; Scale/2.00)','2019-08-28',3,NULL,NULL,'Mobile Safari UIWebView','Browser','0','Mobile Phone','iOS','Unknown'),(4681,'61.92.57.14','tracking-rest-app.herokuapp.com','Mozilla/5.0 (Windows NT 10.0; Win64; x64) AppleWebKit/537.36 (KHTML, like Gecko) Chrome/76.0.3809.100 Safari/537.36','2019-08-29',8,NULL,NULL,'Chrome','Browser','0','Desktop','Win10','10.0'),(4691,'31.13.144.76','tracking-rest-app.herokuapp.com','Mozilla/5.0 (Linux; arm_64; Android 9; MI 8 Lite) AppleWebKit/537.36 (KHTML, like Gecko) Chrome/75.0.3770.143 YaBrowser/19.7.3.91.00 Mobile Safari/537.36','2019-08-28',2,NULL,NULL,'Yandex Browser','Browser','0','Mobile Phone','Android','Unknown'),(4701,'197.156.86.61','tracking-rest-app.herokuapp.com','StolesCalc/1.0.5 (iPhone; iOS 12.2; Scale/3.00)','2019-08-29',1,NULL,NULL,'Mobile Safari UIWebView','Browser','0','Mobile Phone','iOS','Unknown'),(4711,'176.193.74.207','tracking-rest-app.herokuapp.com','Mozilla/5.0 (Windows NT 10.0; WOW64; rv:68.0) Gecko/20100101 Firefox/68.0','2019-08-28',2,NULL,NULL,'Firefox','Browser','0','Desktop','Win10','10.0'),(4721,'149.126.100.138','tracking-rest-app.herokuapp.com','Mozilla/5.0 (Windows NT 10.0; Win64; x64) AppleWebKit/537.36 (KHTML, like Gecko) Chrome/76.0.3809.100 Safari/537.36','2019-08-28',6,NULL,NULL,'Chrome','Browser','0','Desktop','Win10','10.0'),(4731,'95.167.228.50','tracking-rest-app.herokuapp.com','Mozilla/5.0 (Windows NT 6.1; Win64; x64) AppleWebKit/537.36 (KHTML, like Gecko) Chrome/76.0.3809.132 Safari/537.36','2019-08-29',18,NULL,NULL,'Chrome','Browser','0','Desktop','Win7','6.1'),(4741,'195.3.158.112','tracking-rest-app.herokuapp.com','Mozilla/5.0 (Windows NT 10.0; Win64; x64) AppleWebKit/537.36 (KHTML, like Gecko) Chrome/76.0.3809.132 Safari/537.36','2019-08-29',41,NULL,NULL,'Chrome','Browser','0','Desktop','Win10','10.0'),(4751,'195.69.134.18','tracking-rest-app.herokuapp.com','Mozilla/5.0 (Windows NT 6.1) AppleWebKit/537.36 (KHTML, like Gecko) Chrome/76.0.3809.100 Safari/537.36','2019-08-29',2,NULL,NULL,'Chrome','Browser','0','Desktop','Win7','6.1'),(4761,'195.66.192.28','tracking-rest-app.herokuapp.com','Dalvik/2.1.0 (Linux; U; Android 9; BND-L21 Build/HONORBND-L21)','2019-08-29',1,NULL,NULL,'Dalvik','Application','2','Mobile Phone','Android','Unknown'),(4771,'77.111.244.6','tracking-rest-app.herokuapp.com','Mozilla/5.0 (Windows NT 6.1; Win64; x64) AppleWebKit/537.36 (KHTML, like Gecko) Chrome/75.0.3770.142 Safari/537.36 OPR/62.0.3331.116','2019-08-29',6,NULL,NULL,'Opera','Browser','0','Desktop','Win7','6.1'),(4781,'46.237.61.94','tracking-rest-app.herokuapp.com','Mozilla/5.0 (Linux; U; Android 7.0; ru-ru; Redmi Note 4 Build/NRD90M) AppleWebKit/537.36 (KHTML, like Gecko) Version/4.0 Chrome/71.0.3578.141 Mobile Safari/537.36 XiaoMi/MiuiBrowser/10.9.7-g','2019-08-29',2,NULL,NULL,'Miui Browser','Browser','0','Mobile Phone','Android','7.0'),(4791,'157.36.195.17','tracking-rest-app.herokuapp.com','Dalvik/2.1.0 (Linux; U; Android 9; SM-A750F Build/PPR1.180610.011)','2019-08-30',3,NULL,NULL,'Dalvik','Application','2','Mobile Phone','Android','Unknown'),(4801,'116.30.214.124','tracking-rest-app.herokuapp.com','StolesCalc/1.0.5 (iPhone; iOS 12.2; Scale/3.00)','2019-08-30',4,NULL,NULL,'Mobile Safari UIWebView','Browser','0','Mobile Phone','iOS','Unknown'),(4811,'195.138.68.200','tracking-rest-app.herokuapp.com','Mozilla/5.0 (Macintosh; Intel Mac OS X 10_14_5) AppleWebKit/537.36 (KHTML, like Gecko) Chrome/76.0.3809.100 Safari/537.36','2019-08-29',4,NULL,NULL,'Chrome','Browser','0','Desktop','macOS','10.14'),(4821,'212.98.187.207','tracking-rest-app.herokuapp.com','Mozilla/5.0 (Windows NT 5.1) AppleWebKit/537.36 (KHTML, like Gecko) Chrome/49.0.2623.112 Safari/537.36','2019-08-30',2,NULL,NULL,'Chrome','Browser','49','Desktop','WinXP','5.1'),(4831,'195.3.158.112','tracking-rest-app.herokuapp.com','Mozilla/5.0 (Windows NT 10.0; Win64; x64) AppleWebKit/537.36 (KHTML, like Gecko) Chrome/76.0.3809.132 Safari/537.36','2019-08-30',24,NULL,NULL,'Chrome','Browser','0','Desktop','Win10','10.0'),(4841,'95.24.10.85','tracking-rest-app.herokuapp.com','Mozilla/5.0 (Macintosh; Intel Mac OS X 10_14_6) AppleWebKit/605.1.15 (KHTML, like Gecko) Version/12.1.2 Safari/605.1.15','2019-08-31',15,NULL,NULL,'Safari','Browser','0','Desktop','macOS','10.14'),(4851,'213.231.29.113','tracking-rest-app.herokuapp.com','Mozilla/5.0 (Macintosh; Intel Mac OS X 10_14_6) AppleWebKit/537.36 (KHTML, like Gecko) Chrome/76.0.3809.132 Safari/537.36','2019-08-31',2,NULL,NULL,'Chrome','Browser','0','Desktop','macOS','10.14'),(4861,'195.138.68.200','tracking-rest-app.herokuapp.com','Mozilla/5.0 (Macintosh; Intel Mac OS X 10_14_5) AppleWebKit/537.36 (KHTML, like Gecko) Chrome/76.0.3809.100 Safari/537.36','2019-08-31',2,NULL,NULL,'Chrome','Browser','0','Desktop','macOS','10.14'),(4871,'185.97.201.155','tracking-rest-app.herokuapp.com','Mozilla/5.0 (Windows NT 5.1) AppleWebKit/537.36 (KHTML, like Gecko) Chrome/49.0.2623.112 Safari/537.36','2019-08-31',2,NULL,NULL,'Chrome','Browser','49','Desktop','WinXP','5.1'),(4881,'46.250.6.116','tracking-rest-app.herokuapp.com','Dalvik/2.1.0 (Linux; U; Android 9; Redmi Note 7 MIUI/V10.3.5.0.PFGEUXM)','2019-08-31',1,NULL,NULL,'Miui Browser','Browser','0','Mobile Phone','Miui OS','Unknown'),(4891,'109.177.93.183','tracking-rest-app.herokuapp.com','Dalvik/2.1.0 (Linux; U; Android 5.0; SM-N9005 Build/LRX21V)','2019-08-31',1,NULL,NULL,'Dalvik','Application','2','Mobile Phone','Android','5.0'),(4901,'82.209.228.97','tracking-rest-app.herokuapp.com','Mozilla/5.0 (Windows NT 6.1; WOW64) AppleWebKit/537.36 (KHTML, like Gecko) Chrome/75.0.3770.143 YaBrowser/19.7.3.172 Yowser/2.5 Safari/537.36','2019-09-03',4,NULL,NULL,'Yandex Browser','Browser','0','Desktop','Win7','6.1'),(4911,'46.211.48.150','tracking-rest-app.herokuapp.com','Dalvik/2.1.0 (Linux; U; Android 9; VKY-L29 Build/HUAWEIVKY-L29)','2019-09-02',1,NULL,NULL,'Dalvik','Application','2','Mobile Phone','Android','Unknown'),(4921,'46.163.132.203','tracking-rest-app.herokuapp.com','Mozilla/5.0 (Windows NT 10.0; Win64; x64; rv:68.0) Gecko/20100101 Firefox/68.0','2019-09-02',14,NULL,NULL,'Firefox','Browser','0','Desktop','Win10','10.0'),(4931,'193.187.117.208','tracking-rest-app.herokuapp.com','StolesCalc/1.0.5 (iPhone; iOS 12.4; Scale/3.00)','2019-09-03',1,NULL,NULL,'Mobile Safari UIWebView','Browser','0','Mobile Phone','iOS','Unknown'),(4941,'94.190.44.100','tracking-rest-app.herokuapp.com','Mozilla/5.0 (Windows NT 10.0; Win64; x64) AppleWebKit/537.36 (KHTML, like Gecko) Chrome/76.0.3809.132 Safari/537.36','2019-09-02',2,NULL,NULL,'Chrome','Browser','0','Desktop','Win10','10.0'),(4951,'37.73.129.227','tracking-rest-app.herokuapp.com','Mozilla/5.0 (Macintosh; Intel Mac OS X 10_14_5) AppleWebKit/537.36 (KHTML, like Gecko) Chrome/76.0.3809.100 Safari/537.36','2019-09-02',4,NULL,NULL,'Chrome','Browser','0','Desktop','macOS','10.14'),(4961,'5.100.80.193','tracking-rest-app.herokuapp.com','Mozilla/5.0 (Windows NT 10.0; WOW64) AppleWebKit/537.36 (KHTML, like Gecko) Chrome/76.0.3809.100 YaBrowser/19.9.0.1343 Yowser/2.5 Safari/537.36','2019-09-04',6,NULL,NULL,'Yandex Browser','Browser','0','Desktop','Win10','10.0'),(4971,'176.119.81.16','tracking-rest-app.herokuapp.com','Mozilla/5.0 (Windows NT 10.0; Win64; x64) AppleWebKit/537.36 (KHTML, like Gecko) Chrome/76.0.3809.132 Safari/537.36','2019-09-04',4,NULL,NULL,'Chrome','Browser','0','Desktop','Win10','10.0'),(4981,'176.119.81.16','tracking-rest-app.herokuapp.com','Mozilla/5.0 (Windows NT 10.0; Win64; x64) AppleWebKit/537.36 (KHTML, like Gecko) Chrome/76.0.3809.132 Safari/537.36','2019-09-03',2,NULL,NULL,'Chrome','Browser','0','Desktop','Win10','10.0'),(4991,'176.74.10.46','tracking-rest-app.herokuapp.com','Mozilla/5.0 (Windows NT 6.1) AppleWebKit/537.36 (KHTML, like Gecko) Chrome/76.0.3809.100 YaBrowser/19.9.0.1343 Yowser/2.5 Safari/537.36','2019-09-04',2,NULL,NULL,'Yandex Browser','Browser','0','Desktop','Win7','6.1'),(5001,'178.238.79.119','tracking-rest-app.herokuapp.com','Mozilla/5.0 (X11; Linux x86_64; rv:60.0) Gecko/20100101 Firefox/60.0','2019-09-04',2,NULL,NULL,'Firefox','Browser','60','Desktop','Linux','Unknown'),(5011,'178.161.173.28','tracking-rest-app.herokuapp.com','Mozilla/5.0 (Windows NT 10.0; Win64; x64; rv:68.0) Gecko/20100101 Firefox/68.0','2019-09-04',1,NULL,NULL,'Firefox','Browser','0','Desktop','Win10','10.0'),(5021,'178.155.4.117','tracking-rest-app.herokuapp.com','Mozilla/5.0 (Windows NT 10.0; Win64; x64) AppleWebKit/537.36 (KHTML, like Gecko) Chrome/76.0.3809.100 Safari/537.36 OPR/63.0.3368.53','2019-09-04',2,NULL,NULL,'Opera','Browser','0','Desktop','Win10','10.0'),(5031,'195.138.68.200','tracking-rest-app.herokuapp.com','Dalvik/2.1.0 (Linux; U; Android 9; Mi A2 Lite Build/PKQ1.180917.001)','2019-09-04',3,NULL,NULL,'Dalvik','Application','2','Mobile Phone','Android','Unknown'),(5041,'195.138.68.200','tracking-rest-app.herokuapp.com','StolesCalc/1.0.5 (iPhone; iOS 12.4.1; Scale/3.00)','2019-09-04',1,NULL,NULL,'Mobile Safari UIWebView','Browser','0','Mobile Phone','iOS','Unknown'),(5051,'176.36.63.121','tracking-rest-app.herokuapp.com','Mozilla/5.0 (Windows NT 6.1; Win64; x64) AppleWebKit/537.36 (KHTML, like Gecko) Chrome/76.0.3809.132 Safari/537.36','2019-09-04',1,NULL,NULL,'Chrome','Browser','0','Desktop','Win7','6.1'),(5061,'87.248.227.82','tracking-rest-app.herokuapp.com','Mozilla/5.0 (Windows NT 10.0; Win64; x64; rv:69.0) Gecko/20100101 Firefox/69.0','2019-09-06',6,NULL,NULL,'Firefox','Browser','0','Desktop','Win10','10.0'),(5071,'5.90.71.75','tracking-rest-app.herokuapp.com','StolesCalc/1.0.5 (iPhone; iOS 12.4; Scale/2.00)','2019-09-05',4,NULL,NULL,'Mobile Safari UIWebView','Browser','0','Mobile Phone','iOS','Unknown'),(5081,'46.19.40.158','tracking-rest-app.herokuapp.com','Mozilla/5.0 (Windows NT 6.1; Win64; x64; rv:69.0) Gecko/20100101 Firefox/69.0','2019-09-06',1,NULL,NULL,'Firefox','Browser','0','Desktop','Win7','6.1'),(5091,'176.201.8.191','tracking-rest-app.herokuapp.com','Dalvik/2.1.0 (Linux; U; Android 7.0; SM-G925F Build/NRD90M)','2019-09-06',2,NULL,NULL,'Dalvik','Application','2','Mobile Phone','Android','7.0'),(5101,'37.215.103.162','tracking-rest-app.herokuapp.com','Mozilla/5.0 (Windows NT 10.0; Win64; x64) AppleWebKit/537.36 (KHTML, like Gecko) Chrome/76.0.3809.132 Safari/537.36','2019-09-06',6,NULL,NULL,'Chrome','Browser','0','Desktop','Win10','10.0'),(5111,'79.142.83.122','tracking-rest-app.herokuapp.com','Mozilla/5.0 (Windows NT 10.0; Win64; x64) AppleWebKit/537.36 (KHTML, like Gecko) Chrome/76.0.3809.100 Safari/537.36 OPR/63.0.3368.35','2019-09-05',2,NULL,NULL,'Opera','Browser','0','Desktop','Win10','10.0'),(5121,'113.210.65.144','tracking-rest-app.herokuapp.com','StolesCalc/1.0.5 (iPhone; iOS 12.4.1; Scale/3.00)','2019-09-08',12,NULL,NULL,'Mobile Safari UIWebView','Browser','0','Mobile Phone','iOS','Unknown'),(5131,'86.145.250.63','tracking-rest-app.herokuapp.com','StolesCalc/1.0.5 (iPhone; iOS 12.4.1; Scale/3.00)','2019-09-09',5,NULL,NULL,'Mobile Safari UIWebView','Browser','0','Mobile Phone','iOS','Unknown'),(5141,'213.87.150.34','tracking-rest-app.herokuapp.com','Mozilla/5.0 (Linux; Android 9; JSN-L21) AppleWebKit/537.36 (KHTML, like Gecko) Chrome/76.0.3809.132 Mobile Safari/537.36','2019-09-09',4,NULL,NULL,'Chrome','Browser','0','Mobile Phone','Android','9.0'),(5151,'85.12.229.59','tracking-rest-app.herokuapp.com','Mozilla/5.0 (Windows NT 6.1) AppleWebKit/537.36 (KHTML, like Gecko) Chrome/76.0.3809.100 YaBrowser/19.9.0.1343 Yowser/2.5 Safari/537.36','2019-09-09',12,NULL,NULL,'Yandex Browser','Browser','0','Desktop','Win7','6.1'),(5161,'195.13.198.114','tracking-rest-app.herokuapp.com','Mozilla/5.0 (Windows NT 6.1; Win64; x64) AppleWebKit/537.36 (KHTML, like Gecko) Chrome/76.0.3809.132 Safari/537.36','2019-09-09',10,NULL,NULL,'Chrome','Browser','0','Desktop','Win7','6.1'),(5171,'37.52.9.174','tracking-rest-app.herokuapp.com','Mozilla/5.0 (Windows NT 5.1) AppleWebKit/537.36 (KHTML, like Gecko) Chrome/49.0.2623.112 Safari/537.36','2019-09-09',1,NULL,NULL,'Chrome','Browser','49','Desktop','WinXP','5.1'),(5181,'31.173.84.47','tracking-rest-app.herokuapp.com','Mozilla/5.0 (Windows NT 6.1; Win64; x64) AppleWebKit/537.36 (KHTML, like Gecko) Chrome/72.0.3626.81 Safari/537.36','2019-09-10',4,NULL,NULL,'Chrome','Browser','72','Desktop','Win7','6.1'),(5191,'95.153.131.72','tracking-rest-app.herokuapp.com','Mozilla/5.0 (Linux; Android 7.1.2; Redmi 4X Build/N2G47H) AppleWebKit/537.36 (KHTML, like Gecko) Chrome/75.0.3770.100 Mobile Safari/537.36 YaApp_Android/8.90 YaSearchBrowser/8.90','2019-09-09',2,NULL,NULL,'Chrome','Browser','0','Mobile Phone','Android','7.1'),(5201,'82.208.97.3','tracking-rest-app.herokuapp.com','Mozilla/5.0 (Windows NT 6.1; WOW64; Trident/7.0; rv:11.0) like Gecko','2019-09-10',4,NULL,NULL,'IE','Browser','11','Desktop','Win7','6.1'),(5211,'5.130.17.4','tracking-rest-app.herokuapp.com','Mozilla/5.0 (Windows NT 6.1; Win64; x64) AppleWebKit/537.36 (KHTML, like Gecko) Chrome/76.0.3809.132 Safari/537.36','2019-09-10',2,NULL,NULL,'Chrome','Browser','0','Desktop','Win7','6.1'),(5221,'109.124.72.242','tracking-rest-app.herokuapp.com','Mozilla/5.0 (Windows NT 10.0; Win64; x64; rv:69.0) Gecko/20100101 Firefox/69.0','2019-09-10',1,NULL,NULL,'Firefox','Browser','0','Desktop','Win10','10.0'),(5231,'82.142.146.46','tracking-rest-app.herokuapp.com','Mozilla/5.0 (Windows NT 10.0; WOW64) AppleWebKit/537.36 (KHTML, like Gecko) Chrome/76.0.3809.100 YaBrowser/19.9.0.1343 Yowser/2.5 Safari/537.36','2019-09-10',2,NULL,NULL,'Yandex Browser','Browser','0','Desktop','Win10','10.0'),(5241,'176.99.142.106','tracking-rest-app.herokuapp.com','Mozilla/5.0 (Windows NT 6.1; Win64; x64) AppleWebKit/537.36 (KHTML, like Gecko) Chrome/68.0.3440.106 Safari/537.36','2019-09-11',12,NULL,NULL,'Chrome','Browser','68','Desktop','Win7','6.1'),(5251,'85.12.229.59','tracking-rest-app.herokuapp.com','Mozilla/5.0 (Windows NT 6.1) AppleWebKit/537.36 (KHTML, like Gecko) Chrome/76.0.3809.100 YaBrowser/19.9.0.1343 Yowser/2.5 Safari/537.36','2019-09-11',6,NULL,NULL,'Yandex Browser','Browser','0','Desktop','Win7','6.1'),(5261,'31.43.128.225','tracking-rest-app.herokuapp.com','Mozilla/5.0 (Linux; Android 9; Nokia 3.1 Plus) AppleWebKit/537.36 (KHTML, like Gecko) Chrome/76.0.3809.132 Mobile Safari/537.36','2019-09-11',4,NULL,NULL,'Chrome','Browser','0','Mobile Phone','Android','9.0'),(5271,'31.43.128.225','tracking-rest-app.herokuapp.com','Mozilla/5.0 (Linux; Android 9; Nokia 3.1 Plus) AppleWebKit/537.36 (KHTML, like Gecko) Chrome/76.0.3809.132 Mobile Safari/537.36','2019-09-10',2,NULL,NULL,'Chrome','Browser','0','Mobile Phone','Android','9.0'),(5281,'188.68.188.37','tracking-rest-app.herokuapp.com','Mozilla/5.0 (Windows NT 6.1; Win64; x64) AppleWebKit/537.36 (KHTML, like Gecko) Chrome/74.0.3729.169 Safari/537.36','2019-09-11',2,NULL,NULL,'Chrome','Browser','0','Desktop','Win7','6.1'),(5291,'185.155.99.80','tracking-rest-app.herokuapp.com','Mozilla/5.0 (Windows NT 6.1; Win64; x64) AppleWebKit/537.36 (KHTML, like Gecko) Chrome/76.0.3809.132 Safari/537.36','2019-09-11',2,NULL,NULL,'Chrome','Browser','0','Desktop','Win7','6.1'),(5301,'212.19.20.58','tracking-rest-app.herokuapp.com','Mozilla/5.0 (Windows NT 6.1) AppleWebKit/537.36 (KHTML, like Gecko) Chrome/76.0.3809.132 Safari/537.36 OPR/63.0.3368.88','2019-09-16',6,NULL,NULL,'Opera','Browser','0','Desktop','Win7','6.1'),(5311,'217.20.178.117','tracking-rest-app.herokuapp.com','Mozilla/5.0 (Windows NT 6.3; WOW64) AppleWebKit/537.36 (KHTML, like Gecko) Chrome/34.0.1847.116 Safari/537.36','2019-09-16',2,NULL,NULL,'Chrome','Browser','34','Desktop','Win8.1','6.3'),(5321,'46.219.56.18','tracking-rest-app.herokuapp.com','Mozilla/5.0 (Windows NT 10.0; Win64; x64) AppleWebKit/537.36 (KHTML, like Gecko) Chrome/77.0.3865.75 Safari/537.36','2019-09-16',2,NULL,NULL,'Chrome','Browser','0','Desktop','Win10','10.0'),(5331,'82.115.223.49','tracking-rest-app.herokuapp.com','Mozilla/5.0 (Windows NT 10.0; Win64; x64) AppleWebKit/537.36 (KHTML, like Gecko) Chrome/76.0.3809.132 Safari/537.36','2019-09-16',11,NULL,NULL,'Chrome','Browser','0','Desktop','Win10','10.0'),(5341,'193.192.152.11','tracking-rest-app.herokuapp.com','Mozilla/5.0 (Windows NT 6.1) AppleWebKit/537.36 (KHTML, like Gecko) Chrome/76.0.3809.132 Safari/537.36','2019-09-16',2,NULL,NULL,'Chrome','Browser','0','Desktop','Win7','6.1'),(5351,'185.165.163.231','tracking-rest-app.herokuapp.com','Mozilla/5.0 (Windows NT 6.1; Win64; x64) AppleWebKit/537.36 (KHTML, like Gecko) Chrome/76.0.3809.132 Safari/537.36','2019-09-16',1,NULL,NULL,'Chrome','Browser','0','Desktop','Win7','6.1'),(5361,'217.77.212.153','tracking-rest-app.herokuapp.com','Mozilla/5.0 (Windows NT 10.0; Win64; x64) AppleWebKit/537.36 (KHTML, like Gecko) Chrome/76.0.3809.132 Safari/537.36','2019-09-17',8,NULL,NULL,'Chrome','Browser','0','Desktop','Win10','10.0'),(5371,'2.75.124.171','tracking-rest-app.herokuapp.com','Mozilla/5.0 (iPhone; CPU iPhone OS 12_4_1 like Mac OS X) AppleWebKit/605.1.15 (KHTML, like Gecko) Version/12.1.2 Mobile/15E148 Safari/604.1','2019-09-17',2,NULL,NULL,'Safari','Browser','0','Mobile Phone','iOS','Unknown'),(5381,'190.113.88.170','tracking-rest-app.herokuapp.com','Mozilla/5.0 (X11; Ubuntu; Linux x86_64; rv:69.0) Gecko/20100101 Firefox/69.0','2019-09-17',8,NULL,NULL,'Firefox','Browser','0','Desktop','Ubuntu','Unknown'),(5391,'83.221.196.249','tracking-rest-app.herokuapp.com','Mozilla/5.0 (Windows NT 6.1; Trident/7.0; rv:11.0) like Gecko','2019-09-17',2,NULL,NULL,'IE','Browser','11','Desktop','Win7','6.1'),(5401,'80.68.0.126','tracking-rest-app.herokuapp.com','Mozilla/5.0 (Windows NT 10.0; Win64; x64) AppleWebKit/537.36 (KHTML, like Gecko) Chrome/77.0.3865.75 Safari/537.36','2019-09-17',1,NULL,NULL,'Chrome','Browser','0','Desktop','Win10','10.0'),(5411,'178.133.157.170','tracking-rest-app.herokuapp.com','Mozilla/5.0 (Linux; Android 8.1.0; Neffos_C9A) AppleWebKit/537.36 (KHTML, like Gecko) Chrome/77.0.3865.73 Mobile Safari/537.36','2019-09-17',2,NULL,NULL,'Chrome','Browser','0','Mobile Phone','Android','8.1'),(5421,'37.232.136.173','tracking-rest-app.herokuapp.com','Mozilla/5.0 (Windows NT 6.1) AppleWebKit/537.36 (KHTML, like Gecko) Chrome/76.0.3809.132 YaBrowser/19.9.2.228 Yowser/2.5 Safari/537.36','2019-09-18',1,NULL,NULL,'Yandex Browser','Browser','0','Desktop','Win7','6.1'),(5431,'188.242.13.189','tracking-rest-app.herokuapp.com','Mozilla/5.0 (Windows NT 6.1; Win64; x64) AppleWebKit/537.36 (KHTML, like Gecko) Chrome/76.0.3809.132 Safari/537.36','2019-09-18',13,NULL,NULL,'Chrome','Browser','0','Desktop','Win7','6.1'),(5441,'195.209.115.171','tracking-rest-app.herokuapp.com','Mozilla/5.0 (Windows NT 10.0; WOW64) AppleWebKit/537.36 (KHTML, like Gecko) Chrome/76.0.3809.132 YaBrowser/19.9.1.237 Yowser/2.5 Safari/537.36','2019-09-18',2,NULL,NULL,'Yandex Browser','Browser','0','Desktop','Win10','10.0'),(5451,'94.102.122.37','tracking-rest-app.herokuapp.com','Mozilla/5.0 (X11; Linux x86_64) AppleWebKit/537.36 (KHTML, like Gecko) Chrome/76.0.3809.132 Safari/537.36','2019-09-18',2,NULL,NULL,'Chrome','Browser','0','Desktop','Linux','Unknown'),(5461,'94.102.122.37','tracking-rest-app.herokuapp.com','Mozilla/5.0 (Linux; Android 9; Mi 9T) AppleWebKit/537.36 (KHTML, like Gecko) Chrome/76.0.3809.132 Mobile Safari/537.36','2019-09-18',2,NULL,NULL,'Chrome','Browser','0','Mobile Phone','Android','9.0'),(5471,'109.68.186.42','tracking-rest-app.herokuapp.com','Mozilla/5.0 (Windows NT 10.0; Win64; x64) AppleWebKit/537.36 (KHTML, like Gecko) Chrome/76.0.3809.132 Safari/537.36','2019-09-18',16,NULL,NULL,'Chrome','Browser','0','Desktop','Win10','10.0'),(5481,'37.203.27.236','tracking-rest-app.herokuapp.com','Dalvik/2.1.0 (Linux; U; Android 9; VKY-L29 Build/HUAWEIVKY-L29)','2019-09-20',1,NULL,NULL,'Dalvik','Application','2','Mobile Phone','Android','Unknown'),(5491,'130.255.10.10','tracking-rest-app.herokuapp.com','Mozilla/5.0 (Windows NT 10.0; Win64; x64) AppleWebKit/537.36 (KHTML, like Gecko) Chrome/76.0.3809.132 Safari/537.36','2019-09-20',4,NULL,NULL,'Chrome','Browser','0','Desktop','Win10','10.0'),(5501,'87.255.231.22','tracking-rest-app.herokuapp.com','Mozilla/5.0 (Windows NT 6.1; Win64; x64) AppleWebKit/537.36 (KHTML, like Gecko) Chrome/76.0.3809.132 Safari/537.36 OPR/63.0.3368.71','2019-09-20',6,NULL,NULL,'Opera','Browser','0','Desktop','Win7','6.1'),(5511,'31.128.79.64','tracking-rest-app.herokuapp.com','Mozilla/5.0 (Linux; Android 9; SM-J730FM) AppleWebKit/537.36 (KHTML, like Gecko) Chrome/76.0.3809.132 Mobile Safari/537.36','2019-09-20',2,NULL,NULL,'Chrome','Browser','0','Mobile Phone','Android','9.0'),(5521,'37.213.43.200','tracking-rest-app.herokuapp.com','Mozilla/5.0 (Windows NT 6.1; Win64; x64) AppleWebKit/537.36 (KHTML, like Gecko) Chrome/71.0.3578.98 Safari/537.36','2019-09-20',1,NULL,NULL,'Chrome','Browser','71','Desktop','Win7','6.1'),(5531,'94.143.39.210','tracking-rest-app.herokuapp.com','Mozilla/5.0 (Windows NT 10.0; Win64; x64) AppleWebKit/537.36 (KHTML, like Gecko) Chrome/64.0.3282.140 Safari/537.36 Edge/17.17134','2019-09-20',2,NULL,NULL,'Edge','Browser','17','Desktop','Win10','10.0'),(5541,'82.208.80.170','tracking-rest-app.herokuapp.com','Mozilla/5.0 (Windows NT 6.1; Win64; x64) AppleWebKit/537.36 (KHTML, like Gecko) Chrome/77.0.3865.90 Safari/537.36','2019-09-23',2,NULL,NULL,'Chrome','Browser','0','Desktop','Win7','6.1'),(5551,'195.22.231.70','tracking-rest-app.herokuapp.com','Mozilla/5.0 (Windows NT 10.0; Win64; x64) AppleWebKit/537.36 (KHTML, like Gecko) Chrome/76.0.3809.132 Safari/537.36','2019-09-23',6,NULL,NULL,'Chrome','Browser','0','Desktop','Win10','10.0'),(5561,'113.246.63.139','tracking-rest-app.herokuapp.com','Mozilla/5.0 (Windows NT 10.0; Win64; x64) AppleWebKit/537.36 (KHTML, like Gecko) Chrome/74.0.3729.108 Safari/537.36','2019-09-23',8,NULL,NULL,'Chrome','Browser','0','Desktop','Win10','10.0'),(5571,'93.182.25.94','tracking-rest-app.herokuapp.com','Mozilla/5.0 (Windows NT 10.0; WOW64) AppleWebKit/537.36 (KHTML, like Gecko) Chrome/76.0.3809.132 YaBrowser/19.9.2.228 Yowser/2.5 Safari/537.36','2019-09-23',6,NULL,NULL,'Yandex Browser','Browser','0','Desktop','Win10','10.0'),(5581,'176.59.38.75','tracking-rest-app.herokuapp.com','Mozilla/5.0 (iPhone; CPU iPhone OS 12_4 like Mac OS X) AppleWebKit/605.1.15 (KHTML, like Gecko) Version/12.1.2 Mobile/15E148 Safari/604.1','2019-09-23',2,NULL,NULL,'Safari','Browser','0','Mobile Phone','iOS','Unknown'),(5591,'146.255.181.177','tracking-rest-app.herokuapp.com','Mozilla/5.0 (Linux; Android 9; ONEPLUS A5000) AppleWebKit/537.36 (KHTML, like Gecko) Chrome/77.0.3865.92 Mobile Safari/537.36','2019-09-23',2,NULL,NULL,'Chrome','Browser','0','Mobile Phone','Android','9.0'),(5601,'91.236.166.54','tracking-rest-app.herokuapp.com','Mozilla/5.0 (Windows NT 6.1) AppleWebKit/537.36 (KHTML, like Gecko) Chrome/77.0.3865.90 Safari/537.36','2019-09-23',4,NULL,NULL,'Chrome','Browser','0','Desktop','Win7','6.1'),(5611,'46.41.115.202','tracking-rest-app.herokuapp.com','Mozilla/5.0 (Macintosh; Intel Mac OS X 10_14_6) AppleWebKit/605.1.15 (KHTML, like Gecko) Version/12.1.2 Safari/605.1.15','2019-09-23',1,NULL,NULL,'Safari','Browser','0','Desktop','macOS','10.14'),(5621,'193.192.152.11','tracking-rest-app.herokuapp.com','Mozilla/5.0 (Windows NT 6.1) AppleWebKit/537.36 (KHTML, like Gecko) Chrome/76.0.3809.132 Safari/537.36','2019-09-23',2,NULL,NULL,'Chrome','Browser','0','Desktop','Win7','6.1'),(5631,'91.219.74.52','tracking-rest-app.herokuapp.com','Mozilla/5.0 (Windows NT 6.1; rv:60.0) Gecko/20100101 Firefox/60.0','2019-09-24',2,NULL,NULL,'Firefox','Browser','60','Desktop','Win7','6.1'),(5641,'193.106.40.205','tracking-rest-app.herokuapp.com','Mozilla/5.0 (Windows NT 10.0; WOW64) AppleWebKit/537.36 (KHTML, like Gecko) Chrome/76.0.3809.132 Safari/537.36 OPR/63.0.3368.94 (Edition Yx)','2019-09-24',2,NULL,NULL,'Opera','Browser','0','Desktop','Win10','10.0'),(5651,'93.189.222.37','tracking-rest-app.herokuapp.com','Mozilla/5.0 (Windows NT 10.0; WOW64) AppleWebKit/537.36 (KHTML, like Gecko) Chrome/76.0.3809.132 YaBrowser/19.9.2.228 Yowser/2.5 Safari/537.36','2019-09-24',4,NULL,NULL,'Yandex Browser','Browser','0','Desktop','Win10','10.0'),(5661,'46.19.40.158','tracking-rest-app.herokuapp.com','Mozilla/5.0 (Windows NT 6.1; Win64; x64; rv:69.0) Gecko/20100101 Firefox/69.0','2019-09-24',2,NULL,NULL,'Firefox','Browser','0','Desktop','Win7','6.1'),(5671,'5.134.218.230','tracking-rest-app.herokuapp.com','Mozilla/5.0 (Windows NT 6.3; Win64; x64) AppleWebKit/537.36 (KHTML, like Gecko) Chrome/77.0.3865.90 Safari/537.36','2019-09-24',1,NULL,NULL,'Chrome','Browser','0','Desktop','Win8.1','6.3'),(5681,'77.82.90.96','tracking-rest-app.herokuapp.com','Mozilla/5.0 (Windows NT 10.0; Win64; x64) AppleWebKit/537.36 (KHTML, like Gecko) Chrome/76.0.3809.132 Safari/537.36','2019-09-24',14,NULL,NULL,'Chrome','Browser','0','Desktop','Win10','10.0'),(5691,'213.167.34.54','tracking-rest-app.herokuapp.com','Mozilla/5.0 (Windows NT 10.0; WOW64) AppleWebKit/537.36 (KHTML, like Gecko) Chrome/76.0.3809.132 YaBrowser/19.9.2.228 Yowser/2.5 Safari/537.36','2019-09-25',6,NULL,NULL,'Yandex Browser','Browser','0','Desktop','Win10','10.0'),(5701,'46.146.208.25','tracking-rest-app.herokuapp.com','Mozilla/5.0 (Windows NT 6.1; Win64; x64) AppleWebKit/537.36 (KHTML, like Gecko) Chrome/76.0.3809.132 Safari/537.36','2019-09-25',2,NULL,NULL,'Chrome','Browser','0','Desktop','Win7','6.1'),(5711,'212.119.183.139','tracking-rest-app.herokuapp.com','Mozilla/5.0 (Windows NT 6.1) AppleWebKit/537.36 (KHTML, like Gecko) Chrome/76.0.3809.132 Safari/537.36 OPR/63.0.3368.94','2019-09-25',2,NULL,NULL,'Opera','Browser','0','Desktop','Win7','6.1'),(5721,'37.143.17.174','tracking-rest-app.herokuapp.com','Mozilla/5.0 (Windows NT 10.0; Win64; x64) AppleWebKit/537.36 (KHTML, like Gecko) Chrome/76.0.3809.132 Safari/537.36','2019-09-25',9,NULL,NULL,'Chrome','Browser','0','Desktop','Win10','10.0'),(5731,'197.210.47.53','tracking-rest-app.herokuapp.com','StolesCalc/1.0.5 (iPhone; iOS 12.4.1; Scale/2.00)','2019-09-25',1,NULL,NULL,'Mobile Safari UIWebView','Browser','0','Mobile Phone','iOS','Unknown'),(5741,'95.47.123.157','tracking-rest-app.herokuapp.com','Mozilla/5.0 (Windows NT 6.1; Win64; x64) AppleWebKit/537.36 (KHTML, like Gecko) Chrome/77.0.3865.90 Safari/537.36','2019-09-25',12,NULL,NULL,'Chrome','Browser','0','Desktop','Win7','6.1'),(5751,'91.210.47.61','tracking-rest-app.herokuapp.com','Mozilla/5.0 (Windows NT 10.0; Win64; x64; rv:60.0) Gecko/20100101 Firefox/60.0','2019-09-25',2,NULL,NULL,'Firefox','Browser','60','Desktop','Win10','10.0'),(5761,'46.37.197.109','tracking-rest-app.herokuapp.com','Mozilla/5.0 (iPhone; CPU iPhone OS 12_4 like Mac OS X) AppleWebKit/605.1.15 (KHTML, like Gecko) Version/12.1.2 Mobile/15E148 Safari/604.1','2019-09-25',1,NULL,NULL,'Safari','Browser','0','Mobile Phone','iOS','Unknown'),(5771,'108.182.35.87','tracking-rest-app.herokuapp.com','StolesCalc/1.0.5 (iPhone; iOS 12.4.1; Scale/3.00)','2019-09-25',1,NULL,NULL,'Mobile Safari UIWebView','Browser','0','Mobile Phone','iOS','Unknown'),(5781,'37.214.75.230','tracking-rest-app.herokuapp.com','Mozilla/5.0 (Linux; Android 9; SM-N950F) AppleWebKit/537.36 (KHTML, like Gecko) Chrome/77.0.3865.92 Mobile Safari/537.36','2019-09-25',2,NULL,NULL,'Chrome','Browser','0','Mobile Phone','Android','9.0'),(5791,'46.211.35.111','tracking-rest-app.herokuapp.com','Mozilla/5.0 (Linux; Android 8.0.0; PIC-LX9) AppleWebKit/537.36 (KHTML, like Gecko) Chrome/76.0.3809.132 Mobile Safari/537.36','2019-09-26',2,NULL,NULL,'Chrome','Browser','0','Mobile Phone','Android','8.0'),(5801,'80.73.82.98','tracking-rest-app.herokuapp.com','Mozilla/5.0 (Windows NT 6.3; WOW64) AppleWebKit/537.36 (KHTML, like Gecko) Chrome/56.0.2924.92 Safari/537.36 42885','2019-09-26',2,NULL,NULL,'Chrome','Browser','56','Desktop','Win8.1','6.3'),(5811,'93.75.6.98','tracking-rest-app.herokuapp.com','Mozilla/5.0 (Windows NT 10.0; Win64; x64) AppleWebKit/537.36 (KHTML, like Gecko) Chrome/77.0.3865.90 Safari/537.36','2019-09-26',1,NULL,NULL,'Chrome','Browser','0','Desktop','Win10','10.0'),(5821,'217.118.83.158','tracking-rest-app.herokuapp.com','Mozilla/5.0 (Windows NT 6.1; WOW64) AppleWebKit/537.36 (KHTML, like Gecko) Chrome/76.0.3809.132 YaBrowser/19.9.2.229 Yowser/2.5 Safari/537.36','2019-09-26',2,NULL,NULL,'Yandex Browser','Browser','0','Desktop','Win7','6.1'),(5831,'94.25.171.102','tracking-rest-app.herokuapp.com','Mozilla/5.0 (Linux; Android 9; ELE-L29 Build/HUAWEIELE-L29) AppleWebKit/537.36 (KHTML, like Gecko) Chrome/69.0.3497.100 YaBrowser/18.10.2.188.00 Mobile Safari/537.36','2019-09-26',2,NULL,NULL,'Yandex Browser','Browser','18','Mobile Phone','Android','Unknown'),(5841,'46.172.70.61','tracking-rest-app.herokuapp.com','Mozilla/5.0 (Windows NT 6.1; WOW64) AppleWebKit/537.36 (KHTML, like Gecko) Chrome/77.0.3865.90 Safari/537.36','2019-09-26',8,NULL,NULL,'Chrome','Browser','0','Desktop','Win7','6.1'),(5851,'81.25.226.250','tracking-rest-app.herokuapp.com','Mozilla/5.0 (Windows NT 10.0; Win64; x64) AppleWebKit/537.36 (KHTML, like Gecko) Chrome/76.0.3809.132 Safari/537.36','2019-09-27',4,NULL,NULL,'Chrome','Browser','0','Desktop','Win10','10.0'),(5861,'92.60.87.58','tracking-rest-app.herokuapp.com','Mozilla/5.0 (Windows NT 10.0; Win64; x64) AppleWebKit/537.36 (KHTML, like Gecko) Chrome/64.0.3282.140 Safari/537.36 Edge/18.17763','2019-09-27',2,NULL,NULL,'Edge','Browser','18','Desktop','Win10','10.0'),(5871,'46.216.153.92','tracking-rest-app.herokuapp.com','Mozilla/5.0 (iPhone; CPU iPhone OS 12_4_1 like Mac OS X) AppleWebKit/605.1.15 (KHTML, like Gecko) Version/12.1.2 Mobile/15E148 Safari/604.1','2019-09-27',1,NULL,NULL,'Safari','Browser','0','Mobile Phone','iOS','Unknown'),(5881,'31.173.87.127','tracking-rest-app.herokuapp.com','Mozilla/5.0 (Windows NT 10.0; WOW64) AppleWebKit/537.36 (KHTML, like Gecko) Chrome/76.0.3809.132 YaBrowser/19.9.2.228 Yowser/2.5 Safari/537.36','2019-09-27',4,NULL,NULL,'Yandex Browser','Browser','0','Desktop','Win10','10.0'),(5891,'93.188.127.85','tracking-rest-app.herokuapp.com','Mozilla/5.0 (Windows NT 10.0; WOW64) AppleWebKit/537.36 (KHTML, like Gecko) Chrome/73.0.3683.103 YaBrowser/19.4.3.370 Yowser/2.5 Safari/537.36','2019-09-27',2,NULL,NULL,'Yandex Browser','Browser','0','Desktop','Win10','10.0'),(5901,'82.215.127.45','tracking-rest-app.herokuapp.com','Mozilla/5.0 (Windows NT 10.0; Win64; x64) AppleWebKit/537.36 (KHTML, like Gecko) Chrome/77.0.3865.90 Safari/537.36','2019-09-27',28,NULL,NULL,'Chrome','Browser','0','Desktop','Win10','10.0');
/*!40000 ALTER TABLE `tr_web_statistic` ENABLE KEYS */;
UNLOCK TABLES;
/*!40103 SET TIME_ZONE=@OLD_TIME_ZONE */;

/*!40101 SET SQL_MODE=@OLD_SQL_MODE */;
/*!40014 SET FOREIGN_KEY_CHECKS=@OLD_FOREIGN_KEY_CHECKS */;
/*!40014 SET UNIQUE_CHECKS=@OLD_UNIQUE_CHECKS */;
/*!40101 SET CHARACTER_SET_CLIENT=@OLD_CHARACTER_SET_CLIENT */;
/*!40101 SET CHARACTER_SET_RESULTS=@OLD_CHARACTER_SET_RESULTS */;
/*!40101 SET COLLATION_CONNECTION=@OLD_COLLATION_CONNECTION */;
/*!40111 SET SQL_NOTES=@OLD_SQL_NOTES */;

-- Dump completed on 2019-09-30 11:37:26
